"Kind","Agent_Id","Queue_Id","Stream_Id","Thread_Id","Dispatch_Id","Kernel_Id","Kernel_Name","Correlation_Id","Start_Timestamp","End_Timestamp","LDS_Block_Size","Scratch_Size","VGPR_Count","Accum_VGPR_Count","SGPR_Count","Workgroup_Size_X","Workgroup_Size_Y","Workgroup_Size_Z","Grid_Size_X","Grid_Size_Y","Grid_Size_Z"
"KERNEL_DISPATCH","Agent 2",1,0,20678,1,2,"void at::native::(anonymous namespace)::distribution_elementwise_grid_stride_kernel<float, 4, at::native::templates::cuda::normal_and_transform<c10::BFloat16, float, at::CUDAGeneratorImpl*, at::native::templates::cuda::normal_kernel<at::CUDAGeneratorImpl*>(at::TensorBase const&, double, double, at::CUDAGeneratorImpl*)::{lambda()#1}::operator()() const::{lambda()#4}::operator()() const::{lambda(float)#1}>(at::TensorIteratorBase&, at::CUDAGeneratorImpl*, at::native::templates::cuda::normal_kernel<at::CUDAGeneratorImpl*>(at::TensorBase const&, double, double, at::CUDAGeneratorImpl*)::{lambda()#1}::operator()() const::{lambda()#4}::operator()() const::{lambda(float)#1})::{lambda(hiprandStatePhilox4_32_10*)#2}, at::native::(anonymous namespace)::distribution_nullary_kernel<c10::BFloat16, float, HIP_vector_type<float, 4u>, at::CUDAGeneratorImpl*, at::native::templates::cuda::normal_and_transform<c10::BFloat16, float, at::CUDAGeneratorImpl*, at::native::templates::cuda::normal_kernel<at::CUDAGeneratorImpl*>(at::TensorBase const&, double, double, at::CUDAGeneratorImpl*)::{lambda()#1}::operator()() const::{lambda()#4}::operator()() const::{lambda(float)#1}>(at::TensorIteratorBase&, at::CUDAGeneratorImpl*, at::native::templates::cuda::normal_kernel<at::CUDAGeneratorImpl*>(at::TensorBase const&, double, double, at::CUDAGeneratorImpl*)::{lambda()#1}::operator()() const::{lambda()#4}::operator()() const::{lambda(float)#1})::{lambda(hiprandStatePhilox4_32_10*)#2}, at::native::templates::cuda::normal_kernel<at::CUDAGeneratorImpl*>(at::TensorBase const&, double, double, at::CUDAGeneratorImpl*)::{lambda()#1}::operator()() const::{lambda()#4}::operator()() const::{lambda(float)#1}>(at::TensorIteratorBase&, at::CUDAGeneratorImpl*, at::native::templates::cuda::normal_and_transform<c10::BFloat16, float, at::CUDAGeneratorImpl*, at::native::templates::cuda::normal_kernel<at::CUDAGeneratorImpl*>(at::TensorBase const&, double, double, at::CUDAGeneratorImpl*)::{lambda()#1}::operator()() const::{lambda()#4}::operator()() const::{lambda(float)#1}>(at::TensorIteratorBase&, at::CUDAGeneratorImpl*, at::native::templates::cuda::normal_kernel<at::CUDAGeneratorImpl*>(at::TensorBase const&, double, double, at::CUDAGeneratorImpl*)::{lambda()#1}::operator()() const::{lambda()#4}::operator()() const::{lambda(float)#1})::{lambda(hiprandStatePhilox4_32_10*)#2} const&, at::native::templates::cuda::normal_kernel<at::CUDAGeneratorImpl*>(at::TensorBase const&, double, double, at::CUDAGeneratorImpl*)::{lambda()#1}::operator()() const::{lambda()#4}::operator()() const::{lambda(float)#1})::{lambda(int, float)#1}>(long, at::PhiloxCudaState, at::native::templates::cuda::normal_and_transform<c10::BFloat16, float, at::CUDAGeneratorImpl*, at::native::templates::cuda::normal_kernel<at::CUDAGeneratorImpl*>(at::TensorBase const&, double, double, at::CUDAGeneratorImpl*)::{lambda()#1}::operator()() const::{lambda()#4}::operator()() const::{lambda(float)#1}>(at::TensorIteratorBase&, at::CUDAGeneratorImpl*, at::native::templates::cuda::normal_kernel<at::CUDAGeneratorImpl*>(at::TensorBase const&, double, double, at::CUDAGeneratorImpl*)::{lambda()#1}::operator()() const::{lambda()#4}::operator()() const::{lambda(float)#1})::{lambda(hiprandStatePhilox4_32_10*)#2}, at::native::(anonymous namespace)::distribution_nullary_kernel<c10::BFloat16, float, HIP_vector_type<float, 4u>, at::CUDAGeneratorImpl*, at::native::templates::cuda::normal_and_transform<c10::BFloat16, float, at::CUDAGeneratorImpl*, at::native::templates::cuda::normal_kernel<at::CUDAGeneratorImpl*>(at::TensorBase const&, double, double, at::CUDAGeneratorImpl*)::{lambda()#1}::operator()() const::{lambda()#4}::operator()() const::{lambda(float)#1}>(at::TensorIteratorBase&, at::CUDAGeneratorImpl*, at::native::templates::cuda::normal_kernel<at::CUDAGeneratorImpl*>(at::TensorBase const&, double, double, at::CUDAGeneratorImpl*)::{lambda()#1}::operator()() const::{lambda()#4}::operator()() const::{lambda(float)#1})::{lambda(hiprandStatePhilox4_32_10*)#2}, at::native::templates::cuda::normal_kernel<at::CUDAGeneratorImpl*>(at::TensorBase const&, double, double, at::CUDAGeneratorImpl*)::{lambda()#1}::operator()() const::{lambda()#4}::operator()() const::{lambda(float)#1}>(at::TensorIteratorBase&, at::CUDAGeneratorImpl*, at::native::templates::cuda::normal_and_transform<c10::BFloat16, float, at::CUDAGeneratorImpl*, at::native::templates::cuda::normal_kernel<at::CUDAGeneratorImpl*>(at::TensorBase const&, double, double, at::CUDAGeneratorImpl*)::{lambda()#1}::operator()() const::{lambda()#4}::operator()() const::{lambda(float)#1}>(at::TensorIteratorBase&, at::CUDAGeneratorImpl*, at::native::templates::cuda::normal_kernel<at::CUDAGeneratorImpl*>(at::TensorBase const&, double, double, at::CUDAGeneratorImpl*)::{lambda()#1}::operator()() const::{lambda()#4}::operator()() const::{lambda(float)#1})::{lambda(hiprandStatePhilox4_32_10*)#2} const&, at::native::templates::cuda::normal_kernel<at::CUDAGeneratorImpl*>(at::TensorBase const&, double, double, at::CUDAGeneratorImpl*)::{lambda()#1}::operator()() const::{lambda()#4}::operator()() const::{lambda(float)#1})::{lambda(int, float)#1})",1,2647349089651920,2647349089821282,0,0,28,0,48,256,1,1,524288,1,1
"KERNEL_DISPATCH","Agent 2",1,0,20678,2,2,"void at::native::(anonymous namespace)::distribution_elementwise_grid_stride_kernel<float, 4, at::native::templates::cuda::normal_and_transform<c10::BFloat16, float, at::CUDAGeneratorImpl*, at::native::templates::cuda::normal_kernel<at::CUDAGeneratorImpl*>(at::TensorBase const&, double, double, at::CUDAGeneratorImpl*)::{lambda()#1}::operator()() const::{lambda()#4}::operator()() const::{lambda(float)#1}>(at::TensorIteratorBase&, at::CUDAGeneratorImpl*, at::native::templates::cuda::normal_kernel<at::CUDAGeneratorImpl*>(at::TensorBase const&, double, double, at::CUDAGeneratorImpl*)::{lambda()#1}::operator()() const::{lambda()#4}::operator()() const::{lambda(float)#1})::{lambda(hiprandStatePhilox4_32_10*)#2}, at::native::(anonymous namespace)::distribution_nullary_kernel<c10::BFloat16, float, HIP_vector_type<float, 4u>, at::CUDAGeneratorImpl*, at::native::templates::cuda::normal_and_transform<c10::BFloat16, float, at::CUDAGeneratorImpl*, at::native::templates::cuda::normal_kernel<at::CUDAGeneratorImpl*>(at::TensorBase const&, double, double, at::CUDAGeneratorImpl*)::{lambda()#1}::operator()() const::{lambda()#4}::operator()() const::{lambda(float)#1}>(at::TensorIteratorBase&, at::CUDAGeneratorImpl*, at::native::templates::cuda::normal_kernel<at::CUDAGeneratorImpl*>(at::TensorBase const&, double, double, at::CUDAGeneratorImpl*)::{lambda()#1}::operator()() const::{lambda()#4}::operator()() const::{lambda(float)#1})::{lambda(hiprandStatePhilox4_32_10*)#2}, at::native::templates::cuda::normal_kernel<at::CUDAGeneratorImpl*>(at::TensorBase const&, double, double, at::CUDAGeneratorImpl*)::{lambda()#1}::operator()() const::{lambda()#4}::operator()() const::{lambda(float)#1}>(at::TensorIteratorBase&, at::CUDAGeneratorImpl*, at::native::templates::cuda::normal_and_transform<c10::BFloat16, float, at::CUDAGeneratorImpl*, at::native::templates::cuda::normal_kernel<at::CUDAGeneratorImpl*>(at::TensorBase const&, double, double, at::CUDAGeneratorImpl*)::{lambda()#1}::operator()() const::{lambda()#4}::operator()() const::{lambda(float)#1}>(at::TensorIteratorBase&, at::CUDAGeneratorImpl*, at::native::templates::cuda::normal_kernel<at::CUDAGeneratorImpl*>(at::TensorBase const&, double, double, at::CUDAGeneratorImpl*)::{lambda()#1}::operator()() const::{lambda()#4}::operator()() const::{lambda(float)#1})::{lambda(hiprandStatePhilox4_32_10*)#2} const&, at::native::templates::cuda::normal_kernel<at::CUDAGeneratorImpl*>(at::TensorBase const&, double, double, at::CUDAGeneratorImpl*)::{lambda()#1}::operator()() const::{lambda()#4}::operator()() const::{lambda(float)#1})::{lambda(int, float)#1}>(long, at::PhiloxCudaState, at::native::templates::cuda::normal_and_transform<c10::BFloat16, float, at::CUDAGeneratorImpl*, at::native::templates::cuda::normal_kernel<at::CUDAGeneratorImpl*>(at::TensorBase const&, double, double, at::CUDAGeneratorImpl*)::{lambda()#1}::operator()() const::{lambda()#4}::operator()() const::{lambda(float)#1}>(at::TensorIteratorBase&, at::CUDAGeneratorImpl*, at::native::templates::cuda::normal_kernel<at::CUDAGeneratorImpl*>(at::TensorBase const&, double, double, at::CUDAGeneratorImpl*)::{lambda()#1}::operator()() const::{lambda()#4}::operator()() const::{lambda(float)#1})::{lambda(hiprandStatePhilox4_32_10*)#2}, at::native::(anonymous namespace)::distribution_nullary_kernel<c10::BFloat16, float, HIP_vector_type<float, 4u>, at::CUDAGeneratorImpl*, at::native::templates::cuda::normal_and_transform<c10::BFloat16, float, at::CUDAGeneratorImpl*, at::native::templates::cuda::normal_kernel<at::CUDAGeneratorImpl*>(at::TensorBase const&, double, double, at::CUDAGeneratorImpl*)::{lambda()#1}::operator()() const::{lambda()#4}::operator()() const::{lambda(float)#1}>(at::TensorIteratorBase&, at::CUDAGeneratorImpl*, at::native::templates::cuda::normal_kernel<at::CUDAGeneratorImpl*>(at::TensorBase const&, double, double, at::CUDAGeneratorImpl*)::{lambda()#1}::operator()() const::{lambda()#4}::operator()() const::{lambda(float)#1})::{lambda(hiprandStatePhilox4_32_10*)#2}, at::native::templates::cuda::normal_kernel<at::CUDAGeneratorImpl*>(at::TensorBase const&, double, double, at::CUDAGeneratorImpl*)::{lambda()#1}::operator()() const::{lambda()#4}::operator()() const::{lambda(float)#1}>(at::TensorIteratorBase&, at::CUDAGeneratorImpl*, at::native::templates::cuda::normal_and_transform<c10::BFloat16, float, at::CUDAGeneratorImpl*, at::native::templates::cuda::normal_kernel<at::CUDAGeneratorImpl*>(at::TensorBase const&, double, double, at::CUDAGeneratorImpl*)::{lambda()#1}::operator()() const::{lambda()#4}::operator()() const::{lambda(float)#1}>(at::TensorIteratorBase&, at::CUDAGeneratorImpl*, at::native::templates::cuda::normal_kernel<at::CUDAGeneratorImpl*>(at::TensorBase const&, double, double, at::CUDAGeneratorImpl*)::{lambda()#1}::operator()() const::{lambda()#4}::operator()() const::{lambda(float)#1})::{lambda(hiprandStatePhilox4_32_10*)#2} const&, at::native::templates::cuda::normal_kernel<at::CUDAGeneratorImpl*>(at::TensorBase const&, double, double, at::CUDAGeneratorImpl*)::{lambda()#1}::operator()() const::{lambda()#4}::operator()() const::{lambda(float)#1})::{lambda(int, float)#1})",2,2647349090139643,2647349091432852,0,0,28,0,48,256,1,1,524288,1,1
"KERNEL_DISPATCH","Agent 2",1,0,20678,3,80,"void at::native::vectorized_elementwise_kernel<4, at::native::FillFunctor<long>, std::array<char*, 1ul> >(int, at::native::FillFunctor<long>, std::array<char*, 1ul>)",3,2647349100809711,2647349100811111,0,0,4,0,32,256,1,1,256,1,1
"KERNEL_DISPATCH","Agent 2",1,0,20678,4,195,"void primus_turbo::compute_group_offs_device<long>(long const*, long*, int)",4,2647349102532553,2647349102536673,0,0,4,0,16,256,1,1,256,1,1
"KERNEL_DISPATCH","Agent 2",1,0,20678,5,210,"_ZN12primus_turbo25compute_grouped_gemm_argsIDF16bDF16bDF16bEEvPN7ck_tile18GemmTransKernelArgILi0EEEPKT_PKT0_PT1_PKlSE_iiiiiii",5,2647349102908436,2647349102910316,0,0,12,0,32,32,1,1,32,1,1
"KERNEL_DISPATCH","Agent 2",1,0,20678,6,231,"_ZN7ck_tile6kentryILi1ENS_17GroupedGemmKernelINS_33GemmSpatiallyLocalTilePartitionerINS_13TileGemmShapeINS_8sequenceIJLi256ELi256ELi64EEEENS4_IJLi2ELi2ELi1EEEENS4_IJLi32ELi32ELi16EEEELb0ELb0EEELi8ELi4EEENS_24GemmPipelineAgBgCrCompV3INS_28UniversalGemmPipelineProblemIDF16bDF16bfS8_NS_23TileGemmUniversalTraitsILb0ELb0ELb0ELb0ENS_13tensor_layout4gemm8RowMajorENSE_11ColumnMajorESF_Lb0ELb0ELb1ELi1ELb0ELi16EEELNS_21GemmPipelineSchedulerE1ENS_12element_wise11PassThroughESK_DF16bLb0ELi1ELi1EEENS_33UniversalGemmPipelineAgBgCrPolicyEEENS_16CShuffleEpilogueINS_23CShuffleEpilogueProblemIDF16bDF16bNS_5tupleIJEEEfDF16bSR_SF_SK_Li256ELi256ELi2ELi2ELi32ELi32ELi16ELb0ELNS_21memory_operation_enumE0ELi1ELb0ELi1ELb0ELi1ELb0EEEvEEEEJPU3AS4viEEEvDpT1_",6,2647349104620479,2647349105451165,65536,48,256,0,112,256,1,1,65536,1,1
"KERNEL_DISPATCH","Agent 2",1,0,20678,7,195,"void primus_turbo::compute_group_offs_device<long>(long const*, long*, int)",7,2647349105759767,2647349105764087,0,0,4,0,16,256,1,1,256,1,1
"KERNEL_DISPATCH","Agent 2",1,0,20678,8,210,"_ZN12primus_turbo25compute_grouped_gemm_argsIDF16bDF16bDF16bEEvPN7ck_tile18GemmTransKernelArgILi0EEEPKT_PKT0_PT1_PKlSE_iiiiiii",8,2647349106017969,2647349106020729,0,0,12,0,32,32,1,1,32,1,1
"KERNEL_DISPATCH","Agent 2",1,0,20678,9,231,"_ZN7ck_tile6kentryILi1ENS_17GroupedGemmKernelINS_33GemmSpatiallyLocalTilePartitionerINS_13TileGemmShapeINS_8sequenceIJLi256ELi256ELi64EEEENS4_IJLi2ELi2ELi1EEEENS4_IJLi32ELi32ELi16EEEELb0ELb0EEELi8ELi4EEENS_24GemmPipelineAgBgCrCompV3INS_28UniversalGemmPipelineProblemIDF16bDF16bfS8_NS_23TileGemmUniversalTraitsILb0ELb0ELb0ELb0ENS_13tensor_layout4gemm8RowMajorENSE_11ColumnMajorESF_Lb0ELb0ELb1ELi1ELb0ELi16EEELNS_21GemmPipelineSchedulerE1ENS_12element_wise11PassThroughESK_DF16bLb0ELi1ELi1EEENS_33UniversalGemmPipelineAgBgCrPolicyEEENS_16CShuffleEpilogueINS_23CShuffleEpilogueProblemIDF16bDF16bNS_5tupleIJEEEfDF16bSR_SF_SK_Li256ELi256ELi2ELi2ELi32ELi32ELi16ELb0ELNS_21memory_operation_enumE0ELi1ELb0ELi1ELb0ELi1ELb0EEEvEEEEJPU3AS4viEEEvDpT1_",9,2647349106205890,2647349107153297,65536,48,256,0,112,256,1,1,65536,1,1
"KERNEL_DISPATCH","Agent 2",1,0,20678,10,195,"void primus_turbo::compute_group_offs_device<long>(long const*, long*, int)",10,2647349107423619,2647349107428499,0,0,4,0,16,256,1,1,256,1,1
"KERNEL_DISPATCH","Agent 2",1,0,20678,11,210,"_ZN12primus_turbo25compute_grouped_gemm_argsIDF16bDF16bDF16bEEvPN7ck_tile18GemmTransKernelArgILi0EEEPKT_PKT0_PT1_PKlSE_iiiiiii",11,2647349107702581,2647349107704901,0,0,12,0,32,32,1,1,32,1,1
"KERNEL_DISPATCH","Agent 2",1,0,20678,12,231,"_ZN7ck_tile6kentryILi1ENS_17GroupedGemmKernelINS_33GemmSpatiallyLocalTilePartitionerINS_13TileGemmShapeINS_8sequenceIJLi256ELi256ELi64EEEENS4_IJLi2ELi2ELi1EEEENS4_IJLi32ELi32ELi16EEEELb0ELb0EEELi8ELi4EEENS_24GemmPipelineAgBgCrCompV3INS_28UniversalGemmPipelineProblemIDF16bDF16bfS8_NS_23TileGemmUniversalTraitsILb0ELb0ELb0ELb0ENS_13tensor_layout4gemm8RowMajorENSE_11ColumnMajorESF_Lb0ELb0ELb1ELi1ELb0ELi16EEELNS_21GemmPipelineSchedulerE1ENS_12element_wise11PassThroughESK_DF16bLb0ELi1ELi1EEENS_33UniversalGemmPipelineAgBgCrPolicyEEENS_16CShuffleEpilogueINS_23CShuffleEpilogueProblemIDF16bDF16bNS_5tupleIJEEEfDF16bSR_SF_SK_Li256ELi256ELi2ELi2ELi32ELi32ELi16ELb0ELNS_21memory_operation_enumE0ELi1ELb0ELi1ELb0ELi1ELb0EEEvEEEEJPU3AS4viEEEvDpT1_",12,2647349107977223,2647349108832749,65536,48,256,0,112,256,1,1,65536,1,1
"KERNEL_DISPATCH","Agent 2",1,0,20678,13,195,"void primus_turbo::compute_group_offs_device<long>(long const*, long*, int)",13,2647349109113431,2647349109118071,0,0,4,0,16,256,1,1,256,1,1
"KERNEL_DISPATCH","Agent 2",1,0,20678,14,210,"_ZN12primus_turbo25compute_grouped_gemm_argsIDF16bDF16bDF16bEEvPN7ck_tile18GemmTransKernelArgILi0EEEPKT_PKT0_PT1_PKlSE_iiiiiii",14,2647349109400553,2647349109402833,0,0,12,0,32,32,1,1,32,1,1
"KERNEL_DISPATCH","Agent 2",1,0,20678,15,231,"_ZN7ck_tile6kentryILi1ENS_17GroupedGemmKernelINS_33GemmSpatiallyLocalTilePartitionerINS_13TileGemmShapeINS_8sequenceIJLi256ELi256ELi64EEEENS4_IJLi2ELi2ELi1EEEENS4_IJLi32ELi32ELi16EEEELb0ELb0EEELi8ELi4EEENS_24GemmPipelineAgBgCrCompV3INS_28UniversalGemmPipelineProblemIDF16bDF16bfS8_NS_23TileGemmUniversalTraitsILb0ELb0ELb0ELb0ENS_13tensor_layout4gemm8RowMajorENSE_11ColumnMajorESF_Lb0ELb0ELb1ELi1ELb0ELi16EEELNS_21GemmPipelineSchedulerE1ENS_12element_wise11PassThroughESK_DF16bLb0ELi1ELi1EEENS_33UniversalGemmPipelineAgBgCrPolicyEEENS_16CShuffleEpilogueINS_23CShuffleEpilogueProblemIDF16bDF16bNS_5tupleIJEEEfDF16bSR_SF_SK_Li256ELi256ELi2ELi2ELi32ELi32ELi16ELb0ELNS_21memory_operation_enumE0ELi1ELb0ELi1ELb0ELi1ELb0EEEvEEEEJPU3AS4viEEEvDpT1_",15,2647349109686596,2647349110521242,65536,48,256,0,112,256,1,1,65536,1,1
"KERNEL_DISPATCH","Agent 2",1,0,20678,16,195,"void primus_turbo::compute_group_offs_device<long>(long const*, long*, int)",16,2647349110811964,2647349110816764,0,0,4,0,16,256,1,1,256,1,1
"KERNEL_DISPATCH","Agent 2",1,0,20678,17,210,"_ZN12primus_turbo25compute_grouped_gemm_argsIDF16bDF16bDF16bEEvPN7ck_tile18GemmTransKernelArgILi0EEEPKT_PKT0_PT1_PKlSE_iiiiiii",17,2647349111075206,2647349111077806,0,0,12,0,32,32,1,1,32,1,1
"KERNEL_DISPATCH","Agent 2",1,0,20678,18,231,"_ZN7ck_tile6kentryILi1ENS_17GroupedGemmKernelINS_33GemmSpatiallyLocalTilePartitionerINS_13TileGemmShapeINS_8sequenceIJLi256ELi256ELi64EEEENS4_IJLi2ELi2ELi1EEEENS4_IJLi32ELi32ELi16EEEELb0ELb0EEELi8ELi4EEENS_24GemmPipelineAgBgCrCompV3INS_28UniversalGemmPipelineProblemIDF16bDF16bfS8_NS_23TileGemmUniversalTraitsILb0ELb0ELb0ELb0ENS_13tensor_layout4gemm8RowMajorENSE_11ColumnMajorESF_Lb0ELb0ELb1ELi1ELb0ELi16EEELNS_21GemmPipelineSchedulerE1ENS_12element_wise11PassThroughESK_DF16bLb0ELi1ELi1EEENS_33UniversalGemmPipelineAgBgCrPolicyEEENS_16CShuffleEpilogueINS_23CShuffleEpilogueProblemIDF16bDF16bNS_5tupleIJEEEfDF16bSR_SF_SK_Li256ELi256ELi2ELi2ELi32ELi32ELi16ELb0ELNS_21memory_operation_enumE0ELi1ELb0ELi1ELb0ELi1ELb0EEEvEEEEJPU3AS4viEEEvDpT1_",18,2647349111330768,2647349112194054,65536,48,256,0,112,256,1,1,65536,1,1
"KERNEL_DISPATCH","Agent 2",1,0,20678,19,195,"void primus_turbo::compute_group_offs_device<long>(long const*, long*, int)",19,2647349112491696,2647349112495976,0,0,4,0,16,256,1,1,256,1,1
"KERNEL_DISPATCH","Agent 2",1,0,20678,20,210,"_ZN12primus_turbo25compute_grouped_gemm_argsIDF16bDF16bDF16bEEvPN7ck_tile18GemmTransKernelArgILi0EEEPKT_PKT0_PT1_PKlSE_iiiiiii",20,2647349112794338,2647349112796498,0,0,12,0,32,32,1,1,32,1,1
"KERNEL_DISPATCH","Agent 2",1,0,20678,21,231,"_ZN7ck_tile6kentryILi1ENS_17GroupedGemmKernelINS_33GemmSpatiallyLocalTilePartitionerINS_13TileGemmShapeINS_8sequenceIJLi256ELi256ELi64EEEENS4_IJLi2ELi2ELi1EEEENS4_IJLi32ELi32ELi16EEEELb0ELb0EEELi8ELi4EEENS_24GemmPipelineAgBgCrCompV3INS_28UniversalGemmPipelineProblemIDF16bDF16bfS8_NS_23TileGemmUniversalTraitsILb0ELb0ELb0ELb0ENS_13tensor_layout4gemm8RowMajorENSE_11ColumnMajorESF_Lb0ELb0ELb1ELi1ELb0ELi16EEELNS_21GemmPipelineSchedulerE1ENS_12element_wise11PassThroughESK_DF16bLb0ELi1ELi1EEENS_33UniversalGemmPipelineAgBgCrPolicyEEENS_16CShuffleEpilogueINS_23CShuffleEpilogueProblemIDF16bDF16bNS_5tupleIJEEEfDF16bSR_SF_SK_Li256ELi256ELi2ELi2ELi32ELi32ELi16ELb0ELNS_21memory_operation_enumE0ELi1ELb0ELi1ELb0ELi1ELb0EEEvEEEEJPU3AS4viEEEvDpT1_",21,2647349113080340,2647349113893266,65536,48,256,0,112,256,1,1,65536,1,1
"KERNEL_DISPATCH","Agent 2",1,0,20678,22,195,"void primus_turbo::compute_group_offs_device<long>(long const*, long*, int)",22,2647349114184148,2647349114188348,0,0,4,0,16,256,1,1,256,1,1
"KERNEL_DISPATCH","Agent 2",1,0,20678,23,210,"_ZN12primus_turbo25compute_grouped_gemm_argsIDF16bDF16bDF16bEEvPN7ck_tile18GemmTransKernelArgILi0EEEPKT_PKT0_PT1_PKlSE_iiiiiii",23,2647349114497111,2647349114499471,0,0,12,0,32,32,1,1,32,1,1
"KERNEL_DISPATCH","Agent 2",1,0,20678,24,231,"_ZN7ck_tile6kentryILi1ENS_17GroupedGemmKernelINS_33GemmSpatiallyLocalTilePartitionerINS_13TileGemmShapeINS_8sequenceIJLi256ELi256ELi64EEEENS4_IJLi2ELi2ELi1EEEENS4_IJLi32ELi32ELi16EEEELb0ELb0EEELi8ELi4EEENS_24GemmPipelineAgBgCrCompV3INS_28UniversalGemmPipelineProblemIDF16bDF16bfS8_NS_23TileGemmUniversalTraitsILb0ELb0ELb0ELb0ENS_13tensor_layout4gemm8RowMajorENSE_11ColumnMajorESF_Lb0ELb0ELb1ELi1ELb0ELi16EEELNS_21GemmPipelineSchedulerE1ENS_12element_wise11PassThroughESK_DF16bLb0ELi1ELi1EEENS_33UniversalGemmPipelineAgBgCrPolicyEEENS_16CShuffleEpilogueINS_23CShuffleEpilogueProblemIDF16bDF16bNS_5tupleIJEEEfDF16bSR_SF_SK_Li256ELi256ELi2ELi2ELi32ELi32ELi16ELb0ELNS_21memory_operation_enumE0ELi1ELb0ELi1ELb0ELi1ELb0EEEvEEEEJPU3AS4viEEEvDpT1_",24,2647349114787233,2647349115623999,65536,48,256,0,112,256,1,1,65536,1,1
"KERNEL_DISPATCH","Agent 2",1,0,20678,25,195,"void primus_turbo::compute_group_offs_device<long>(long const*, long*, int)",25,2647349115926761,2647349115931481,0,0,4,0,16,256,1,1,256,1,1
"KERNEL_DISPATCH","Agent 2",1,0,20678,26,210,"_ZN12primus_turbo25compute_grouped_gemm_argsIDF16bDF16bDF16bEEvPN7ck_tile18GemmTransKernelArgILi0EEEPKT_PKT0_PT1_PKlSE_iiiiiii",26,2647349116209643,2647349116212203,0,0,12,0,32,32,1,1,32,1,1
"KERNEL_DISPATCH","Agent 2",1,0,20678,27,231,"_ZN7ck_tile6kentryILi1ENS_17GroupedGemmKernelINS_33GemmSpatiallyLocalTilePartitionerINS_13TileGemmShapeINS_8sequenceIJLi256ELi256ELi64EEEENS4_IJLi2ELi2ELi1EEEENS4_IJLi32ELi32ELi16EEEELb0ELb0EEELi8ELi4EEENS_24GemmPipelineAgBgCrCompV3INS_28UniversalGemmPipelineProblemIDF16bDF16bfS8_NS_23TileGemmUniversalTraitsILb0ELb0ELb0ELb0ENS_13tensor_layout4gemm8RowMajorENSE_11ColumnMajorESF_Lb0ELb0ELb1ELi1ELb0ELi16EEELNS_21GemmPipelineSchedulerE1ENS_12element_wise11PassThroughESK_DF16bLb0ELi1ELi1EEENS_33UniversalGemmPipelineAgBgCrPolicyEEENS_16CShuffleEpilogueINS_23CShuffleEpilogueProblemIDF16bDF16bNS_5tupleIJEEEfDF16bSR_SF_SK_Li256ELi256ELi2ELi2ELi32ELi32ELi16ELb0ELNS_21memory_operation_enumE0ELi1ELb0ELi1ELb0ELi1ELb0EEEvEEEEJPU3AS4viEEEvDpT1_",27,2647349116504525,2647349117333171,65536,48,256,0,112,256,1,1,65536,1,1
"KERNEL_DISPATCH","Agent 2",1,0,20678,28,195,"void primus_turbo::compute_group_offs_device<long>(long const*, long*, int)",28,2647349117633534,2647349117638254,0,0,4,0,16,256,1,1,256,1,1
"KERNEL_DISPATCH","Agent 2",1,0,20678,29,210,"_ZN12primus_turbo25compute_grouped_gemm_argsIDF16bDF16bDF16bEEvPN7ck_tile18GemmTransKernelArgILi0EEEPKT_PKT0_PT1_PKlSE_iiiiiii",29,2647349117933736,2647349117936536,0,0,12,0,32,32,1,1,32,1,1
"KERNEL_DISPATCH","Agent 2",1,0,20678,30,231,"_ZN7ck_tile6kentryILi1ENS_17GroupedGemmKernelINS_33GemmSpatiallyLocalTilePartitionerINS_13TileGemmShapeINS_8sequenceIJLi256ELi256ELi64EEEENS4_IJLi2ELi2ELi1EEEENS4_IJLi32ELi32ELi16EEEELb0ELb0EEELi8ELi4EEENS_24GemmPipelineAgBgCrCompV3INS_28UniversalGemmPipelineProblemIDF16bDF16bfS8_NS_23TileGemmUniversalTraitsILb0ELb0ELb0ELb0ENS_13tensor_layout4gemm8RowMajorENSE_11ColumnMajorESF_Lb0ELb0ELb1ELi1ELb0ELi16EEELNS_21GemmPipelineSchedulerE1ENS_12element_wise11PassThroughESK_DF16bLb0ELi1ELi1EEENS_33UniversalGemmPipelineAgBgCrPolicyEEENS_16CShuffleEpilogueINS_23CShuffleEpilogueProblemIDF16bDF16bNS_5tupleIJEEEfDF16bSR_SF_SK_Li256ELi256ELi2ELi2ELi32ELi32ELi16ELb0ELNS_21memory_operation_enumE0ELi1ELb0ELi1ELb0ELi1ELb0EEEvEEEEJPU3AS4viEEEvDpT1_",30,2647349118210538,2647349119080464,65536,48,256,0,112,256,1,1,65536,1,1
"KERNEL_DISPATCH","Agent 2",1,0,20678,31,195,"void primus_turbo::compute_group_offs_device<long>(long const*, long*, int)",31,2647349119373746,2647349119378266,0,0,4,0,16,256,1,1,256,1,1
"KERNEL_DISPATCH","Agent 2",1,0,20678,32,210,"_ZN12primus_turbo25compute_grouped_gemm_argsIDF16bDF16bDF16bEEvPN7ck_tile18GemmTransKernelArgILi0EEEPKT_PKT0_PT1_PKlSE_iiiiiii",32,2647349119667468,2647349119670108,0,0,12,0,32,32,1,1,32,1,1
"KERNEL_DISPATCH","Agent 2",1,0,20678,33,231,"_ZN7ck_tile6kentryILi1ENS_17GroupedGemmKernelINS_33GemmSpatiallyLocalTilePartitionerINS_13TileGemmShapeINS_8sequenceIJLi256ELi256ELi64EEEENS4_IJLi2ELi2ELi1EEEENS4_IJLi32ELi32ELi16EEEELb0ELb0EEELi8ELi4EEENS_24GemmPipelineAgBgCrCompV3INS_28UniversalGemmPipelineProblemIDF16bDF16bfS8_NS_23TileGemmUniversalTraitsILb0ELb0ELb0ELb0ENS_13tensor_layout4gemm8RowMajorENSE_11ColumnMajorESF_Lb0ELb0ELb1ELi1ELb0ELi16EEELNS_21GemmPipelineSchedulerE1ENS_12element_wise11PassThroughESK_DF16bLb0ELi1ELi1EEENS_33UniversalGemmPipelineAgBgCrPolicyEEENS_16CShuffleEpilogueINS_23CShuffleEpilogueProblemIDF16bDF16bNS_5tupleIJEEEfDF16bSR_SF_SK_Li256ELi256ELi2ELi2ELi32ELi32ELi16ELb0ELNS_21memory_operation_enumE0ELi1ELb0ELi1ELb0ELi1ELb0EEEvEEEEJPU3AS4viEEEvDpT1_",33,2647349119966351,2647349120799517,65536,48,256,0,112,256,1,1,65536,1,1
"KERNEL_DISPATCH","Agent 2",1,0,20678,34,195,"void primus_turbo::compute_group_offs_device<long>(long const*, long*, int)",34,2647349121186239,2647349121190599,0,0,4,0,16,256,1,1,256,1,1
"KERNEL_DISPATCH","Agent 2",1,0,20678,35,210,"_ZN12primus_turbo25compute_grouped_gemm_argsIDF16bDF16bDF16bEEvPN7ck_tile18GemmTransKernelArgILi0EEEPKT_PKT0_PT1_PKlSE_iiiiiii",35,2647349121493082,2647349121495482,0,0,12,0,32,32,1,1,32,1,1
"KERNEL_DISPATCH","Agent 2",1,0,20678,36,231,"_ZN7ck_tile6kentryILi1ENS_17GroupedGemmKernelINS_33GemmSpatiallyLocalTilePartitionerINS_13TileGemmShapeINS_8sequenceIJLi256ELi256ELi64EEEENS4_IJLi2ELi2ELi1EEEENS4_IJLi32ELi32ELi16EEEELb0ELb0EEELi8ELi4EEENS_24GemmPipelineAgBgCrCompV3INS_28UniversalGemmPipelineProblemIDF16bDF16bfS8_NS_23TileGemmUniversalTraitsILb0ELb0ELb0ELb0ENS_13tensor_layout4gemm8RowMajorENSE_11ColumnMajorESF_Lb0ELb0ELb1ELi1ELb0ELi16EEELNS_21GemmPipelineSchedulerE1ENS_12element_wise11PassThroughESK_DF16bLb0ELi1ELi1EEENS_33UniversalGemmPipelineAgBgCrPolicyEEENS_16CShuffleEpilogueINS_23CShuffleEpilogueProblemIDF16bDF16bNS_5tupleIJEEEfDF16bSR_SF_SK_Li256ELi256ELi2ELi2ELi32ELi32ELi16ELb0ELNS_21memory_operation_enumE0ELi1ELb0ELi1ELb0ELi1ELb0EEEvEEEEJPU3AS4viEEEvDpT1_",36,2647349121796964,2647349122633850,65536,48,256,0,112,256,1,1,65536,1,1
"KERNEL_DISPATCH","Agent 2",1,0,20678,37,195,"void primus_turbo::compute_group_offs_device<long>(long const*, long*, int)",37,2647349122942012,2647349122946812,0,0,4,0,16,256,1,1,256,1,1
"KERNEL_DISPATCH","Agent 2",1,0,20678,38,210,"_ZN12primus_turbo25compute_grouped_gemm_argsIDF16bDF16bDF16bEEvPN7ck_tile18GemmTransKernelArgILi0EEEPKT_PKT0_PT1_PKlSE_iiiiiii",38,2647349123234654,2647349123237174,0,0,12,0,32,32,1,1,32,1,1
"KERNEL_DISPATCH","Agent 2",1,0,20678,39,231,"_ZN7ck_tile6kentryILi1ENS_17GroupedGemmKernelINS_33GemmSpatiallyLocalTilePartitionerINS_13TileGemmShapeINS_8sequenceIJLi256ELi256ELi64EEEENS4_IJLi2ELi2ELi1EEEENS4_IJLi32ELi32ELi16EEEELb0ELb0EEELi8ELi4EEENS_24GemmPipelineAgBgCrCompV3INS_28UniversalGemmPipelineProblemIDF16bDF16bfS8_NS_23TileGemmUniversalTraitsILb0ELb0ELb0ELb0ENS_13tensor_layout4gemm8RowMajorENSE_11ColumnMajorESF_Lb0ELb0ELb1ELi1ELb0ELi16EEELNS_21GemmPipelineSchedulerE1ENS_12element_wise11PassThroughESK_DF16bLb0ELi1ELi1EEENS_33UniversalGemmPipelineAgBgCrPolicyEEENS_16CShuffleEpilogueINS_23CShuffleEpilogueProblemIDF16bDF16bNS_5tupleIJEEEfDF16bSR_SF_SK_Li256ELi256ELi2ELi2ELi32ELi32ELi16ELb0ELNS_21memory_operation_enumE0ELi1ELb0ELi1ELb0ELi1ELb0EEEvEEEEJPU3AS4viEEEvDpT1_",39,2647349123533657,2647349124357623,65536,48,256,0,112,256,1,1,65536,1,1
"KERNEL_DISPATCH","Agent 2",1,0,20678,40,195,"void primus_turbo::compute_group_offs_device<long>(long const*, long*, int)",40,2647349124667425,2647349124672025,0,0,4,0,16,256,1,1,256,1,1
"KERNEL_DISPATCH","Agent 2",1,0,20678,41,210,"_ZN12primus_turbo25compute_grouped_gemm_argsIDF16bDF16bDF16bEEvPN7ck_tile18GemmTransKernelArgILi0EEEPKT_PKT0_PT1_PKlSE_iiiiiii",41,2647349124978867,2647349124981627,0,0,12,0,32,32,1,1,32,1,1
"KERNEL_DISPATCH","Agent 2",1,0,20678,42,231,"_ZN7ck_tile6kentryILi1ENS_17GroupedGemmKernelINS_33GemmSpatiallyLocalTilePartitionerINS_13TileGemmShapeINS_8sequenceIJLi256ELi256ELi64EEEENS4_IJLi2ELi2ELi1EEEENS4_IJLi32ELi32ELi16EEEELb0ELb0EEELi8ELi4EEENS_24GemmPipelineAgBgCrCompV3INS_28UniversalGemmPipelineProblemIDF16bDF16bfS8_NS_23TileGemmUniversalTraitsILb0ELb0ELb0ELb0ENS_13tensor_layout4gemm8RowMajorENSE_11ColumnMajorESF_Lb0ELb0ELb1ELi1ELb0ELi16EEELNS_21GemmPipelineSchedulerE1ENS_12element_wise11PassThroughESK_DF16bLb0ELi1ELi1EEENS_33UniversalGemmPipelineAgBgCrPolicyEEENS_16CShuffleEpilogueINS_23CShuffleEpilogueProblemIDF16bDF16bNS_5tupleIJEEEfDF16bSR_SF_SK_Li256ELi256ELi2ELi2ELi32ELi32ELi16ELb0ELNS_21memory_operation_enumE0ELi1ELb0ELi1ELb0ELi1ELb0EEEvEEEEJPU3AS4viEEEvDpT1_",42,2647349125266349,2647349126127916,65536,48,256,0,112,256,1,1,65536,1,1
"KERNEL_DISPATCH","Agent 2",1,0,20678,43,195,"void primus_turbo::compute_group_offs_device<long>(long const*, long*, int)",43,2647349126433958,2647349126438598,0,0,4,0,16,256,1,1,256,1,1
"KERNEL_DISPATCH","Agent 2",1,0,20678,44,210,"_ZN12primus_turbo25compute_grouped_gemm_argsIDF16bDF16bDF16bEEvPN7ck_tile18GemmTransKernelArgILi0EEEPKT_PKT0_PT1_PKlSE_iiiiiii",44,2647349126738480,2647349126741080,0,0,12,0,32,32,1,1,32,1,1
"KERNEL_DISPATCH","Agent 2",1,0,20678,45,231,"_ZN7ck_tile6kentryILi1ENS_17GroupedGemmKernelINS_33GemmSpatiallyLocalTilePartitionerINS_13TileGemmShapeINS_8sequenceIJLi256ELi256ELi64EEEENS4_IJLi2ELi2ELi1EEEENS4_IJLi32ELi32ELi16EEEELb0ELb0EEELi8ELi4EEENS_24GemmPipelineAgBgCrCompV3INS_28UniversalGemmPipelineProblemIDF16bDF16bfS8_NS_23TileGemmUniversalTraitsILb0ELb0ELb0ELb0ENS_13tensor_layout4gemm8RowMajorENSE_11ColumnMajorESF_Lb0ELb0ELb1ELi1ELb0ELi16EEELNS_21GemmPipelineSchedulerE1ENS_12element_wise11PassThroughESK_DF16bLb0ELi1ELi1EEENS_33UniversalGemmPipelineAgBgCrPolicyEEENS_16CShuffleEpilogueINS_23CShuffleEpilogueProblemIDF16bDF16bNS_5tupleIJEEEfDF16bSR_SF_SK_Li256ELi256ELi2ELi2ELi32ELi32ELi16ELb0ELNS_21memory_operation_enumE0ELi1ELb0ELi1ELb0ELi1ELb0EEEvEEEEJPU3AS4viEEEvDpT1_",45,2647349127047362,2647349127881808,65536,48,256,0,112,256,1,1,65536,1,1
"KERNEL_DISPATCH","Agent 2",1,0,20678,46,195,"void primus_turbo::compute_group_offs_device<long>(long const*, long*, int)",46,2647349128180930,2647349128185291,0,0,4,0,16,256,1,1,256,1,1
"KERNEL_DISPATCH","Agent 2",1,0,20678,47,210,"_ZN12primus_turbo25compute_grouped_gemm_argsIDF16bDF16bDF16bEEvPN7ck_tile18GemmTransKernelArgILi0EEEPKT_PKT0_PT1_PKlSE_iiiiiii",47,2647349128494293,2647349128496573,0,0,12,0,32,32,1,1,32,1,1
"KERNEL_DISPATCH","Agent 2",1,0,20678,48,231,"_ZN7ck_tile6kentryILi1ENS_17GroupedGemmKernelINS_33GemmSpatiallyLocalTilePartitionerINS_13TileGemmShapeINS_8sequenceIJLi256ELi256ELi64EEEENS4_IJLi2ELi2ELi1EEEENS4_IJLi32ELi32ELi16EEEELb0ELb0EEELi8ELi4EEENS_24GemmPipelineAgBgCrCompV3INS_28UniversalGemmPipelineProblemIDF16bDF16bfS8_NS_23TileGemmUniversalTraitsILb0ELb0ELb0ELb0ENS_13tensor_layout4gemm8RowMajorENSE_11ColumnMajorESF_Lb0ELb0ELb1ELi1ELb0ELi16EEELNS_21GemmPipelineSchedulerE1ENS_12element_wise11PassThroughESK_DF16bLb0ELi1ELi1EEENS_33UniversalGemmPipelineAgBgCrPolicyEEENS_16CShuffleEpilogueINS_23CShuffleEpilogueProblemIDF16bDF16bNS_5tupleIJEEEfDF16bSR_SF_SK_Li256ELi256ELi2ELi2ELi32ELi32ELi16ELb0ELNS_21memory_operation_enumE0ELi1ELb0ELi1ELb0ELi1ELb0EEEvEEEEJPU3AS4viEEEvDpT1_",48,2647349128798895,2647349129633381,65536,48,256,0,112,256,1,1,65536,1,1
"KERNEL_DISPATCH","Agent 2",1,0,20678,49,195,"void primus_turbo::compute_group_offs_device<long>(long const*, long*, int)",49,2647349129943583,2647349129948223,0,0,4,0,16,256,1,1,256,1,1
"KERNEL_DISPATCH","Agent 2",1,0,20678,50,210,"_ZN12primus_turbo25compute_grouped_gemm_argsIDF16bDF16bDF16bEEvPN7ck_tile18GemmTransKernelArgILi0EEEPKT_PKT0_PT1_PKlSE_iiiiiii",50,2647349130247466,2647349130249786,0,0,12,0,32,32,1,1,32,1,1
"KERNEL_DISPATCH","Agent 2",1,0,20678,51,231,"_ZN7ck_tile6kentryILi1ENS_17GroupedGemmKernelINS_33GemmSpatiallyLocalTilePartitionerINS_13TileGemmShapeINS_8sequenceIJLi256ELi256ELi64EEEENS4_IJLi2ELi2ELi1EEEENS4_IJLi32ELi32ELi16EEEELb0ELb0EEELi8ELi4EEENS_24GemmPipelineAgBgCrCompV3INS_28UniversalGemmPipelineProblemIDF16bDF16bfS8_NS_23TileGemmUniversalTraitsILb0ELb0ELb0ELb0ENS_13tensor_layout4gemm8RowMajorENSE_11ColumnMajorESF_Lb0ELb0ELb1ELi1ELb0ELi16EEELNS_21GemmPipelineSchedulerE1ENS_12element_wise11PassThroughESK_DF16bLb0ELi1ELi1EEENS_33UniversalGemmPipelineAgBgCrPolicyEEENS_16CShuffleEpilogueINS_23CShuffleEpilogueProblemIDF16bDF16bNS_5tupleIJEEEfDF16bSR_SF_SK_Li256ELi256ELi2ELi2ELi32ELi32ELi16ELb0ELNS_21memory_operation_enumE0ELi1ELb0ELi1ELb0ELi1ELb0EEEvEEEEJPU3AS4viEEEvDpT1_",51,2647349130552948,2647349131381914,65536,48,256,0,112,256,1,1,65536,1,1
"KERNEL_DISPATCH","Agent 2",1,0,20678,52,195,"void primus_turbo::compute_group_offs_device<long>(long const*, long*, int)",52,2647349131690956,2647349131695276,0,0,4,0,16,256,1,1,256,1,1
"KERNEL_DISPATCH","Agent 2",1,0,20678,53,210,"_ZN12primus_turbo25compute_grouped_gemm_argsIDF16bDF16bDF16bEEvPN7ck_tile18GemmTransKernelArgILi0EEEPKT_PKT0_PT1_PKlSE_iiiiiii",53,2647349131999958,2647349132002358,0,0,12,0,32,32,1,1,32,1,1
"KERNEL_DISPATCH","Agent 2",1,0,20678,54,231,"_ZN7ck_tile6kentryILi1ENS_17GroupedGemmKernelINS_33GemmSpatiallyLocalTilePartitionerINS_13TileGemmShapeINS_8sequenceIJLi256ELi256ELi64EEEENS4_IJLi2ELi2ELi1EEEENS4_IJLi32ELi32ELi16EEEELb0ELb0EEELi8ELi4EEENS_24GemmPipelineAgBgCrCompV3INS_28UniversalGemmPipelineProblemIDF16bDF16bfS8_NS_23TileGemmUniversalTraitsILb0ELb0ELb0ELb0ENS_13tensor_layout4gemm8RowMajorENSE_11ColumnMajorESF_Lb0ELb0ELb1ELi1ELb0ELi16EEELNS_21GemmPipelineSchedulerE1ENS_12element_wise11PassThroughESK_DF16bLb0ELi1ELi1EEENS_33UniversalGemmPipelineAgBgCrPolicyEEENS_16CShuffleEpilogueINS_23CShuffleEpilogueProblemIDF16bDF16bNS_5tupleIJEEEfDF16bSR_SF_SK_Li256ELi256ELi2ELi2ELi32ELi32ELi16ELb0ELNS_21memory_operation_enumE0ELi1ELb0ELi1ELb0ELi1ELb0EEEvEEEEJPU3AS4viEEEvDpT1_",54,2647349132294561,2647349133142087,65536,48,256,0,112,256,1,1,65536,1,1
"KERNEL_DISPATCH","Agent 2",1,0,20678,55,195,"void primus_turbo::compute_group_offs_device<long>(long const*, long*, int)",55,2647349133456009,2647349133460489,0,0,4,0,16,256,1,1,256,1,1
"KERNEL_DISPATCH","Agent 2",1,0,20678,56,210,"_ZN12primus_turbo25compute_grouped_gemm_argsIDF16bDF16bDF16bEEvPN7ck_tile18GemmTransKernelArgILi0EEEPKT_PKT0_PT1_PKlSE_iiiiiii",56,2647349133763291,2647349133765531,0,0,12,0,32,32,1,1,32,1,1
"KERNEL_DISPATCH","Agent 2",1,0,20678,57,231,"_ZN7ck_tile6kentryILi1ENS_17GroupedGemmKernelINS_33GemmSpatiallyLocalTilePartitionerINS_13TileGemmShapeINS_8sequenceIJLi256ELi256ELi64EEEENS4_IJLi2ELi2ELi1EEEENS4_IJLi32ELi32ELi16EEEELb0ELb0EEELi8ELi4EEENS_24GemmPipelineAgBgCrCompV3INS_28UniversalGemmPipelineProblemIDF16bDF16bfS8_NS_23TileGemmUniversalTraitsILb0ELb0ELb0ELb0ENS_13tensor_layout4gemm8RowMajorENSE_11ColumnMajorESF_Lb0ELb0ELb1ELi1ELb0ELi16EEELNS_21GemmPipelineSchedulerE1ENS_12element_wise11PassThroughESK_DF16bLb0ELi1ELi1EEENS_33UniversalGemmPipelineAgBgCrPolicyEEENS_16CShuffleEpilogueINS_23CShuffleEpilogueProblemIDF16bDF16bNS_5tupleIJEEEfDF16bSR_SF_SK_Li256ELi256ELi2ELi2ELi32ELi32ELi16ELb0ELNS_21memory_operation_enumE0ELi1ELb0ELi1ELb0ELi1ELb0EEEvEEEEJPU3AS4viEEEvDpT1_",57,2647349134076214,2647349134893539,65536,48,256,0,112,256,1,1,65536,1,1
"KERNEL_DISPATCH","Agent 2",1,0,20678,58,195,"void primus_turbo::compute_group_offs_device<long>(long const*, long*, int)",58,2647349135200462,2647349135204782,0,0,4,0,16,256,1,1,256,1,1
"KERNEL_DISPATCH","Agent 2",1,0,20678,59,210,"_ZN12primus_turbo25compute_grouped_gemm_argsIDF16bDF16bDF16bEEvPN7ck_tile18GemmTransKernelArgILi0EEEPKT_PKT0_PT1_PKlSE_iiiiiii",59,2647349135510024,2647349135512264,0,0,12,0,32,32,1,1,32,1,1
"KERNEL_DISPATCH","Agent 2",1,0,20678,60,231,"_ZN7ck_tile6kentryILi1ENS_17GroupedGemmKernelINS_33GemmSpatiallyLocalTilePartitionerINS_13TileGemmShapeINS_8sequenceIJLi256ELi256ELi64EEEENS4_IJLi2ELi2ELi1EEEENS4_IJLi32ELi32ELi16EEEELb0ELb0EEELi8ELi4EEENS_24GemmPipelineAgBgCrCompV3INS_28UniversalGemmPipelineProblemIDF16bDF16bfS8_NS_23TileGemmUniversalTraitsILb0ELb0ELb0ELb0ENS_13tensor_layout4gemm8RowMajorENSE_11ColumnMajorESF_Lb0ELb0ELb1ELi1ELb0ELi16EEELNS_21GemmPipelineSchedulerE1ENS_12element_wise11PassThroughESK_DF16bLb0ELi1ELi1EEENS_33UniversalGemmPipelineAgBgCrPolicyEEENS_16CShuffleEpilogueINS_23CShuffleEpilogueProblemIDF16bDF16bNS_5tupleIJEEEfDF16bSR_SF_SK_Li256ELi256ELi2ELi2ELi32ELi32ELi16ELb0ELNS_21memory_operation_enumE0ELi1ELb0ELi1ELb0ELi1ELb0EEEvEEEEJPU3AS4viEEEvDpT1_",60,2647349135820546,2647349136654352,65536,48,256,0,112,256,1,1,65536,1,1
"KERNEL_DISPATCH","Agent 2",1,0,20678,61,195,"void primus_turbo::compute_group_offs_device<long>(long const*, long*, int)",61,2647349136965035,2647349136969435,0,0,4,0,16,256,1,1,256,1,1
"KERNEL_DISPATCH","Agent 2",1,0,20678,62,210,"_ZN12primus_turbo25compute_grouped_gemm_argsIDF16bDF16bDF16bEEvPN7ck_tile18GemmTransKernelArgILi0EEEPKT_PKT0_PT1_PKlSE_iiiiiii",62,2647349137247517,2647349137249757,0,0,12,0,32,32,1,1,32,1,1
"KERNEL_DISPATCH","Agent 2",1,0,20678,63,231,"_ZN7ck_tile6kentryILi1ENS_17GroupedGemmKernelINS_33GemmSpatiallyLocalTilePartitionerINS_13TileGemmShapeINS_8sequenceIJLi256ELi256ELi64EEEENS4_IJLi2ELi2ELi1EEEENS4_IJLi32ELi32ELi16EEEELb0ELb0EEELi8ELi4EEENS_24GemmPipelineAgBgCrCompV3INS_28UniversalGemmPipelineProblemIDF16bDF16bfS8_NS_23TileGemmUniversalTraitsILb0ELb0ELb0ELb0ENS_13tensor_layout4gemm8RowMajorENSE_11ColumnMajorESF_Lb0ELb0ELb1ELi1ELb0ELi16EEELNS_21GemmPipelineSchedulerE1ENS_12element_wise11PassThroughESK_DF16bLb0ELi1ELi1EEENS_33UniversalGemmPipelineAgBgCrPolicyEEENS_16CShuffleEpilogueINS_23CShuffleEpilogueProblemIDF16bDF16bNS_5tupleIJEEEfDF16bSR_SF_SK_Li256ELi256ELi2ELi2ELi32ELi32ELi16ELb0ELNS_21memory_operation_enumE0ELi1ELb0ELi1ELb0ELi1ELb0EEEvEEEEJPU3AS4viEEEvDpT1_",63,2647349137542639,2647349138364765,65536,48,256,0,112,256,1,1,65536,1,1
"KERNEL_DISPATCH","Agent 2",1,0,20678,64,195,"void primus_turbo::compute_group_offs_device<long>(long const*, long*, int)",64,2647349138662047,2647349138666327,0,0,4,0,16,256,1,1,256,1,1
"KERNEL_DISPATCH","Agent 2",1,0,20678,65,210,"_ZN12primus_turbo25compute_grouped_gemm_argsIDF16bDF16bDF16bEEvPN7ck_tile18GemmTransKernelArgILi0EEEPKT_PKT0_PT1_PKlSE_iiiiiii",65,2647349138968489,2647349138971049,0,0,12,0,32,32,1,1,32,1,1
"KERNEL_DISPATCH","Agent 2",1,0,20678,66,231,"_ZN7ck_tile6kentryILi1ENS_17GroupedGemmKernelINS_33GemmSpatiallyLocalTilePartitionerINS_13TileGemmShapeINS_8sequenceIJLi256ELi256ELi64EEEENS4_IJLi2ELi2ELi1EEEENS4_IJLi32ELi32ELi16EEEELb0ELb0EEELi8ELi4EEENS_24GemmPipelineAgBgCrCompV3INS_28UniversalGemmPipelineProblemIDF16bDF16bfS8_NS_23TileGemmUniversalTraitsILb0ELb0ELb0ELb0ENS_13tensor_layout4gemm8RowMajorENSE_11ColumnMajorESF_Lb0ELb0ELb1ELi1ELb0ELi16EEELNS_21GemmPipelineSchedulerE1ENS_12element_wise11PassThroughESK_DF16bLb0ELi1ELi1EEENS_33UniversalGemmPipelineAgBgCrPolicyEEENS_16CShuffleEpilogueINS_23CShuffleEpilogueProblemIDF16bDF16bNS_5tupleIJEEEfDF16bSR_SF_SK_Li256ELi256ELi2ELi2ELi32ELi32ELi16ELb0ELNS_21memory_operation_enumE0ELi1ELb0ELi1ELb0ELi1ELb0EEEvEEEEJPU3AS4viEEEvDpT1_",66,2647349139226531,2647349140098817,65536,48,256,0,112,256,1,1,65536,1,1
"KERNEL_DISPATCH","Agent 2",1,0,20678,67,195,"void primus_turbo::compute_group_offs_device<long>(long const*, long*, int)",67,2647349140411780,2647349140416220,0,0,4,0,16,256,1,1,256,1,1
"KERNEL_DISPATCH","Agent 2",1,0,20678,68,210,"_ZN12primus_turbo25compute_grouped_gemm_argsIDF16bDF16bDF16bEEvPN7ck_tile18GemmTransKernelArgILi0EEEPKT_PKT0_PT1_PKlSE_iiiiiii",68,2647349140715262,2647349140717582,0,0,12,0,32,32,1,1,32,1,1
"KERNEL_DISPATCH","Agent 2",1,0,20678,69,231,"_ZN7ck_tile6kentryILi1ENS_17GroupedGemmKernelINS_33GemmSpatiallyLocalTilePartitionerINS_13TileGemmShapeINS_8sequenceIJLi256ELi256ELi64EEEENS4_IJLi2ELi2ELi1EEEENS4_IJLi32ELi32ELi16EEEELb0ELb0EEELi8ELi4EEENS_24GemmPipelineAgBgCrCompV3INS_28UniversalGemmPipelineProblemIDF16bDF16bfS8_NS_23TileGemmUniversalTraitsILb0ELb0ELb0ELb0ENS_13tensor_layout4gemm8RowMajorENSE_11ColumnMajorESF_Lb0ELb0ELb1ELi1ELb0ELi16EEELNS_21GemmPipelineSchedulerE1ENS_12element_wise11PassThroughESK_DF16bLb0ELi1ELi1EEENS_33UniversalGemmPipelineAgBgCrPolicyEEENS_16CShuffleEpilogueINS_23CShuffleEpilogueProblemIDF16bDF16bNS_5tupleIJEEEfDF16bSR_SF_SK_Li256ELi256ELi2ELi2ELi32ELi32ELi16ELb0ELNS_21memory_operation_enumE0ELi1ELb0ELi1ELb0ELi1ELb0EEEvEEEEJPU3AS4viEEEvDpT1_",69,2647349141014824,2647349141851110,65536,48,256,0,112,256,1,1,65536,1,1
"KERNEL_DISPATCH","Agent 2",1,0,20678,70,195,"void primus_turbo::compute_group_offs_device<long>(long const*, long*, int)",70,2647349142160033,2647349142164473,0,0,4,0,16,256,1,1,256,1,1
"KERNEL_DISPATCH","Agent 2",1,0,20678,71,210,"_ZN12primus_turbo25compute_grouped_gemm_argsIDF16bDF16bDF16bEEvPN7ck_tile18GemmTransKernelArgILi0EEEPKT_PKT0_PT1_PKlSE_iiiiiii",71,2647349142460355,2647349142462755,0,0,12,0,32,32,1,1,32,1,1
"KERNEL_DISPATCH","Agent 2",1,0,20678,72,231,"_ZN7ck_tile6kentryILi1ENS_17GroupedGemmKernelINS_33GemmSpatiallyLocalTilePartitionerINS_13TileGemmShapeINS_8sequenceIJLi256ELi256ELi64EEEENS4_IJLi2ELi2ELi1EEEENS4_IJLi32ELi32ELi16EEEELb0ELb0EEELi8ELi4EEENS_24GemmPipelineAgBgCrCompV3INS_28UniversalGemmPipelineProblemIDF16bDF16bfS8_NS_23TileGemmUniversalTraitsILb0ELb0ELb0ELb0ENS_13tensor_layout4gemm8RowMajorENSE_11ColumnMajorESF_Lb0ELb0ELb1ELi1ELb0ELi16EEELNS_21GemmPipelineSchedulerE1ENS_12element_wise11PassThroughESK_DF16bLb0ELi1ELi1EEENS_33UniversalGemmPipelineAgBgCrPolicyEEENS_16CShuffleEpilogueINS_23CShuffleEpilogueProblemIDF16bDF16bNS_5tupleIJEEEfDF16bSR_SF_SK_Li256ELi256ELi2ELi2ELi32ELi32ELi16ELb0ELNS_21memory_operation_enumE0ELi1ELb0ELi1ELb0ELi1ELb0EEEvEEEEJPU3AS4viEEEvDpT1_",72,2647349142768317,2647349143604723,65536,48,256,0,112,256,1,1,65536,1,1
"KERNEL_DISPATCH","Agent 2",1,0,20678,73,195,"void primus_turbo::compute_group_offs_device<long>(long const*, long*, int)",73,2647349143898805,2647349143903565,0,0,4,0,16,256,1,1,256,1,1
"KERNEL_DISPATCH","Agent 2",1,0,20678,74,210,"_ZN12primus_turbo25compute_grouped_gemm_argsIDF16bDF16bDF16bEEvPN7ck_tile18GemmTransKernelArgILi0EEEPKT_PKT0_PT1_PKlSE_iiiiiii",74,2647349144184247,2647349144186727,0,0,12,0,32,32,1,1,32,1,1
"KERNEL_DISPATCH","Agent 2",1,0,20678,75,231,"_ZN7ck_tile6kentryILi1ENS_17GroupedGemmKernelINS_33GemmSpatiallyLocalTilePartitionerINS_13TileGemmShapeINS_8sequenceIJLi256ELi256ELi64EEEENS4_IJLi2ELi2ELi1EEEENS4_IJLi32ELi32ELi16EEEELb0ELb0EEELi8ELi4EEENS_24GemmPipelineAgBgCrCompV3INS_28UniversalGemmPipelineProblemIDF16bDF16bfS8_NS_23TileGemmUniversalTraitsILb0ELb0ELb0ELb0ENS_13tensor_layout4gemm8RowMajorENSE_11ColumnMajorESF_Lb0ELb0ELb1ELi1ELb0ELi16EEELNS_21GemmPipelineSchedulerE1ENS_12element_wise11PassThroughESK_DF16bLb0ELi1ELi1EEENS_33UniversalGemmPipelineAgBgCrPolicyEEENS_16CShuffleEpilogueINS_23CShuffleEpilogueProblemIDF16bDF16bNS_5tupleIJEEEfDF16bSR_SF_SK_Li256ELi256ELi2ELi2ELi32ELi32ELi16ELb0ELNS_21memory_operation_enumE0ELi1ELb0ELi1ELb0ELi1ELb0EEEvEEEEJPU3AS4viEEEvDpT1_",75,2647349144464289,2647349145286055,65536,48,256,0,112,256,1,1,65536,1,1
"KERNEL_DISPATCH","Agent 2",1,0,20678,76,195,"void primus_turbo::compute_group_offs_device<long>(long const*, long*, int)",76,2647349145583058,2647349145587618,0,0,4,0,16,256,1,1,256,1,1
"KERNEL_DISPATCH","Agent 2",1,0,20678,77,210,"_ZN12primus_turbo25compute_grouped_gemm_argsIDF16bDF16bDF16bEEvPN7ck_tile18GemmTransKernelArgILi0EEEPKT_PKT0_PT1_PKlSE_iiiiiii",77,2647349145878300,2647349145880860,0,0,12,0,32,32,1,1,32,1,1
"KERNEL_DISPATCH","Agent 2",1,0,20678,78,231,"_ZN7ck_tile6kentryILi1ENS_17GroupedGemmKernelINS_33GemmSpatiallyLocalTilePartitionerINS_13TileGemmShapeINS_8sequenceIJLi256ELi256ELi64EEEENS4_IJLi2ELi2ELi1EEEENS4_IJLi32ELi32ELi16EEEELb0ELb0EEELi8ELi4EEENS_24GemmPipelineAgBgCrCompV3INS_28UniversalGemmPipelineProblemIDF16bDF16bfS8_NS_23TileGemmUniversalTraitsILb0ELb0ELb0ELb0ENS_13tensor_layout4gemm8RowMajorENSE_11ColumnMajorESF_Lb0ELb0ELb1ELi1ELb0ELi16EEELNS_21GemmPipelineSchedulerE1ENS_12element_wise11PassThroughESK_DF16bLb0ELi1ELi1EEENS_33UniversalGemmPipelineAgBgCrPolicyEEENS_16CShuffleEpilogueINS_23CShuffleEpilogueProblemIDF16bDF16bNS_5tupleIJEEEfDF16bSR_SF_SK_Li256ELi256ELi2ELi2ELi32ELi32ELi16ELb0ELNS_21memory_operation_enumE0ELi1ELb0ELi1ELb0ELi1ELb0EEEvEEEEJPU3AS4viEEEvDpT1_",78,2647349146132742,2647349146979228,65536,48,256,0,112,256,1,1,65536,1,1
"KERNEL_DISPATCH","Agent 2",1,0,20678,79,195,"void primus_turbo::compute_group_offs_device<long>(long const*, long*, int)",79,2647349147280950,2647349147285590,0,0,4,0,16,256,1,1,256,1,1
"KERNEL_DISPATCH","Agent 2",1,0,20678,80,210,"_ZN12primus_turbo25compute_grouped_gemm_argsIDF16bDF16bDF16bEEvPN7ck_tile18GemmTransKernelArgILi0EEEPKT_PKT0_PT1_PKlSE_iiiiiii",80,2647349147578592,2647349147581032,0,0,12,0,32,32,1,1,32,1,1
"KERNEL_DISPATCH","Agent 2",1,0,20678,81,231,"_ZN7ck_tile6kentryILi1ENS_17GroupedGemmKernelINS_33GemmSpatiallyLocalTilePartitionerINS_13TileGemmShapeINS_8sequenceIJLi256ELi256ELi64EEEENS4_IJLi2ELi2ELi1EEEENS4_IJLi32ELi32ELi16EEEELb0ELb0EEELi8ELi4EEENS_24GemmPipelineAgBgCrCompV3INS_28UniversalGemmPipelineProblemIDF16bDF16bfS8_NS_23TileGemmUniversalTraitsILb0ELb0ELb0ELb0ENS_13tensor_layout4gemm8RowMajorENSE_11ColumnMajorESF_Lb0ELb0ELb1ELi1ELb0ELi16EEELNS_21GemmPipelineSchedulerE1ENS_12element_wise11PassThroughESK_DF16bLb0ELi1ELi1EEENS_33UniversalGemmPipelineAgBgCrPolicyEEENS_16CShuffleEpilogueINS_23CShuffleEpilogueProblemIDF16bDF16bNS_5tupleIJEEEfDF16bSR_SF_SK_Li256ELi256ELi2ELi2ELi32ELi32ELi16ELb0ELNS_21memory_operation_enumE0ELi1ELb0ELi1ELb0ELi1ELb0EEEvEEEEJPU3AS4viEEEvDpT1_",81,2647349147888474,2647349148725320,65536,48,256,0,112,256,1,1,65536,1,1
"KERNEL_DISPATCH","Agent 2",1,0,20678,82,195,"void primus_turbo::compute_group_offs_device<long>(long const*, long*, int)",82,2647349149007563,2647349149012043,0,0,4,0,16,256,1,1,256,1,1
"KERNEL_DISPATCH","Agent 2",1,0,20678,83,210,"_ZN12primus_turbo25compute_grouped_gemm_argsIDF16bDF16bDF16bEEvPN7ck_tile18GemmTransKernelArgILi0EEEPKT_PKT0_PT1_PKlSE_iiiiiii",83,2647349149304805,2647349149307205,0,0,12,0,32,32,1,1,32,1,1
"KERNEL_DISPATCH","Agent 2",1,0,20678,84,231,"_ZN7ck_tile6kentryILi1ENS_17GroupedGemmKernelINS_33GemmSpatiallyLocalTilePartitionerINS_13TileGemmShapeINS_8sequenceIJLi256ELi256ELi64EEEENS4_IJLi2ELi2ELi1EEEENS4_IJLi32ELi32ELi16EEEELb0ELb0EEELi8ELi4EEENS_24GemmPipelineAgBgCrCompV3INS_28UniversalGemmPipelineProblemIDF16bDF16bfS8_NS_23TileGemmUniversalTraitsILb0ELb0ELb0ELb0ENS_13tensor_layout4gemm8RowMajorENSE_11ColumnMajorESF_Lb0ELb0ELb1ELi1ELb0ELi16EEELNS_21GemmPipelineSchedulerE1ENS_12element_wise11PassThroughESK_DF16bLb0ELi1ELi1EEENS_33UniversalGemmPipelineAgBgCrPolicyEEENS_16CShuffleEpilogueINS_23CShuffleEpilogueProblemIDF16bDF16bNS_5tupleIJEEEfDF16bSR_SF_SK_Li256ELi256ELi2ELi2ELi32ELi32ELi16ELb0ELNS_21memory_operation_enumE0ELi1ELb0ELi1ELb0ELi1ELb0EEEvEEEEJPU3AS4viEEEvDpT1_",84,2647349149622047,2647349150454573,65536,48,256,0,112,256,1,1,65536,1,1
"KERNEL_DISPATCH","Agent 2",1,0,20678,85,195,"void primus_turbo::compute_group_offs_device<long>(long const*, long*, int)",85,2647349150746375,2647349150751055,0,0,4,0,16,256,1,1,256,1,1
"KERNEL_DISPATCH","Agent 2",1,0,20678,86,210,"_ZN12primus_turbo25compute_grouped_gemm_argsIDF16bDF16bDF16bEEvPN7ck_tile18GemmTransKernelArgILi0EEEPKT_PKT0_PT1_PKlSE_iiiiiii",86,2647349151060017,2647349151062618,0,0,12,0,32,32,1,1,32,1,1
"KERNEL_DISPATCH","Agent 2",1,0,20678,87,231,"_ZN7ck_tile6kentryILi1ENS_17GroupedGemmKernelINS_33GemmSpatiallyLocalTilePartitionerINS_13TileGemmShapeINS_8sequenceIJLi256ELi256ELi64EEEENS4_IJLi2ELi2ELi1EEEENS4_IJLi32ELi32ELi16EEEELb0ELb0EEELi8ELi4EEENS_24GemmPipelineAgBgCrCompV3INS_28UniversalGemmPipelineProblemIDF16bDF16bfS8_NS_23TileGemmUniversalTraitsILb0ELb0ELb0ELb0ENS_13tensor_layout4gemm8RowMajorENSE_11ColumnMajorESF_Lb0ELb0ELb1ELi1ELb0ELi16EEELNS_21GemmPipelineSchedulerE1ENS_12element_wise11PassThroughESK_DF16bLb0ELi1ELi1EEENS_33UniversalGemmPipelineAgBgCrPolicyEEENS_16CShuffleEpilogueINS_23CShuffleEpilogueProblemIDF16bDF16bNS_5tupleIJEEEfDF16bSR_SF_SK_Li256ELi256ELi2ELi2ELi32ELi32ELi16ELb0ELNS_21memory_operation_enumE0ELi1ELb0ELi1ELb0ELi1ELb0EEEvEEEEJPU3AS4viEEEvDpT1_",87,2647349151352500,2647349152190226,65536,48,256,0,112,256,1,1,65536,1,1
"KERNEL_DISPATCH","Agent 2",1,0,20678,88,195,"void primus_turbo::compute_group_offs_device<long>(long const*, long*, int)",88,2647349152487268,2647349152492148,0,0,4,0,16,256,1,1,256,1,1
"KERNEL_DISPATCH","Agent 2",1,0,20678,89,210,"_ZN12primus_turbo25compute_grouped_gemm_argsIDF16bDF16bDF16bEEvPN7ck_tile18GemmTransKernelArgILi0EEEPKT_PKT0_PT1_PKlSE_iiiiiii",89,2647349152801573,2647349152803693,0,0,12,0,32,32,1,1,32,1,1
"KERNEL_DISPATCH","Agent 2",1,0,20678,90,231,"_ZN7ck_tile6kentryILi1ENS_17GroupedGemmKernelINS_33GemmSpatiallyLocalTilePartitionerINS_13TileGemmShapeINS_8sequenceIJLi256ELi256ELi64EEEENS4_IJLi2ELi2ELi1EEEENS4_IJLi32ELi32ELi16EEEELb0ELb0EEELi8ELi4EEENS_24GemmPipelineAgBgCrCompV3INS_28UniversalGemmPipelineProblemIDF16bDF16bfS8_NS_23TileGemmUniversalTraitsILb0ELb0ELb0ELb0ENS_13tensor_layout4gemm8RowMajorENSE_11ColumnMajorESF_Lb0ELb0ELb1ELi1ELb0ELi16EEELNS_21GemmPipelineSchedulerE1ENS_12element_wise11PassThroughESK_DF16bLb0ELi1ELi1EEENS_33UniversalGemmPipelineAgBgCrPolicyEEENS_16CShuffleEpilogueINS_23CShuffleEpilogueProblemIDF16bDF16bNS_5tupleIJEEEfDF16bSR_SF_SK_Li256ELi256ELi2ELi2ELi32ELi32ELi16ELb0ELNS_21memory_operation_enumE0ELi1ELb0ELi1ELb0ELi1ELb0EEEvEEEEJPU3AS4viEEEvDpT1_",90,2647349153109014,2647349153917940,65536,48,256,0,112,256,1,1,65536,1,1
"KERNEL_DISPATCH","Agent 2",1,0,20678,91,195,"void primus_turbo::compute_group_offs_device<long>(long const*, long*, int)",91,2647349154223302,2647349154227702,0,0,4,0,16,256,1,1,256,1,1
"KERNEL_DISPATCH","Agent 2",1,0,20678,92,210,"_ZN12primus_turbo25compute_grouped_gemm_argsIDF16bDF16bDF16bEEvPN7ck_tile18GemmTransKernelArgILi0EEEPKT_PKT0_PT1_PKlSE_iiiiiii",92,2647349154528984,2647349154531264,0,0,12,0,32,32,1,1,32,1,1
"KERNEL_DISPATCH","Agent 2",1,0,20678,93,231,"_ZN7ck_tile6kentryILi1ENS_17GroupedGemmKernelINS_33GemmSpatiallyLocalTilePartitionerINS_13TileGemmShapeINS_8sequenceIJLi256ELi256ELi64EEEENS4_IJLi2ELi2ELi1EEEENS4_IJLi32ELi32ELi16EEEELb0ELb0EEELi8ELi4EEENS_24GemmPipelineAgBgCrCompV3INS_28UniversalGemmPipelineProblemIDF16bDF16bfS8_NS_23TileGemmUniversalTraitsILb0ELb0ELb0ELb0ENS_13tensor_layout4gemm8RowMajorENSE_11ColumnMajorESF_Lb0ELb0ELb1ELi1ELb0ELi16EEELNS_21GemmPipelineSchedulerE1ENS_12element_wise11PassThroughESK_DF16bLb0ELi1ELi1EEENS_33UniversalGemmPipelineAgBgCrPolicyEEENS_16CShuffleEpilogueINS_23CShuffleEpilogueProblemIDF16bDF16bNS_5tupleIJEEEfDF16bSR_SF_SK_Li256ELi256ELi2ELi2ELi32ELi32ELi16ELb0ELNS_21memory_operation_enumE0ELi1ELb0ELi1ELb0ELi1ELb0EEEvEEEEJPU3AS4viEEEvDpT1_",93,2647349154834586,2647349155667352,65536,48,256,0,112,256,1,1,65536,1,1
"KERNEL_DISPATCH","Agent 2",1,0,20678,94,195,"void primus_turbo::compute_group_offs_device<long>(long const*, long*, int)",94,2647349155970394,2647349155974834,0,0,4,0,16,256,1,1,256,1,1
"KERNEL_DISPATCH","Agent 2",1,0,20678,95,210,"_ZN12primus_turbo25compute_grouped_gemm_argsIDF16bDF16bDF16bEEvPN7ck_tile18GemmTransKernelArgILi0EEEPKT_PKT0_PT1_PKlSE_iiiiiii",95,2647349156280357,2647349156282557,0,0,12,0,32,32,1,1,32,1,1
"KERNEL_DISPATCH","Agent 2",1,0,20678,96,231,"_ZN7ck_tile6kentryILi1ENS_17GroupedGemmKernelINS_33GemmSpatiallyLocalTilePartitionerINS_13TileGemmShapeINS_8sequenceIJLi256ELi256ELi64EEEENS4_IJLi2ELi2ELi1EEEENS4_IJLi32ELi32ELi16EEEELb0ELb0EEELi8ELi4EEENS_24GemmPipelineAgBgCrCompV3INS_28UniversalGemmPipelineProblemIDF16bDF16bfS8_NS_23TileGemmUniversalTraitsILb0ELb0ELb0ELb0ENS_13tensor_layout4gemm8RowMajorENSE_11ColumnMajorESF_Lb0ELb0ELb1ELi1ELb0ELi16EEELNS_21GemmPipelineSchedulerE1ENS_12element_wise11PassThroughESK_DF16bLb0ELi1ELi1EEENS_33UniversalGemmPipelineAgBgCrPolicyEEENS_16CShuffleEpilogueINS_23CShuffleEpilogueProblemIDF16bDF16bNS_5tupleIJEEEfDF16bSR_SF_SK_Li256ELi256ELi2ELi2ELi32ELi32ELi16ELb0ELNS_21memory_operation_enumE0ELi1ELb0ELi1ELb0ELi1ELb0EEEvEEEEJPU3AS4viEEEvDpT1_",96,2647349156583279,2647349157406445,65536,48,256,0,112,256,1,1,65536,1,1
"KERNEL_DISPATCH","Agent 2",1,0,20678,97,195,"void primus_turbo::compute_group_offs_device<long>(long const*, long*, int)",97,2647349157707327,2647349157711647,0,0,4,0,16,256,1,1,256,1,1
"KERNEL_DISPATCH","Agent 2",1,0,20678,98,210,"_ZN12primus_turbo25compute_grouped_gemm_argsIDF16bDF16bDF16bEEvPN7ck_tile18GemmTransKernelArgILi0EEEPKT_PKT0_PT1_PKlSE_iiiiiii",98,2647349158019329,2647349158021689,0,0,12,0,32,32,1,1,32,1,1
"KERNEL_DISPATCH","Agent 2",1,0,20678,99,231,"_ZN7ck_tile6kentryILi1ENS_17GroupedGemmKernelINS_33GemmSpatiallyLocalTilePartitionerINS_13TileGemmShapeINS_8sequenceIJLi256ELi256ELi64EEEENS4_IJLi2ELi2ELi1EEEENS4_IJLi32ELi32ELi16EEEELb0ELb0EEELi8ELi4EEENS_24GemmPipelineAgBgCrCompV3INS_28UniversalGemmPipelineProblemIDF16bDF16bfS8_NS_23TileGemmUniversalTraitsILb0ELb0ELb0ELb0ENS_13tensor_layout4gemm8RowMajorENSE_11ColumnMajorESF_Lb0ELb0ELb1ELi1ELb0ELi16EEELNS_21GemmPipelineSchedulerE1ENS_12element_wise11PassThroughESK_DF16bLb0ELi1ELi1EEENS_33UniversalGemmPipelineAgBgCrPolicyEEENS_16CShuffleEpilogueINS_23CShuffleEpilogueProblemIDF16bDF16bNS_5tupleIJEEEfDF16bSR_SF_SK_Li256ELi256ELi2ELi2ELi32ELi32ELi16ELb0ELNS_21memory_operation_enumE0ELi1ELb0ELi1ELb0ELi1ELb0EEEvEEEEJPU3AS4viEEEvDpT1_",99,2647349158288011,2647349159162498,65536,48,256,0,112,256,1,1,65536,1,1
"KERNEL_DISPATCH","Agent 2",1,0,20678,100,195,"void primus_turbo::compute_group_offs_device<long>(long const*, long*, int)",100,2647349159471420,2647349159475820,0,0,4,0,16,256,1,1,256,1,1
"KERNEL_DISPATCH","Agent 2",1,0,20678,101,210,"_ZN12primus_turbo25compute_grouped_gemm_argsIDF16bDF16bDF16bEEvPN7ck_tile18GemmTransKernelArgILi0EEEPKT_PKT0_PT1_PKlSE_iiiiiii",101,2647349159773542,2647349159775702,0,0,12,0,32,32,1,1,32,1,1
"KERNEL_DISPATCH","Agent 2",1,0,20678,102,231,"_ZN7ck_tile6kentryILi1ENS_17GroupedGemmKernelINS_33GemmSpatiallyLocalTilePartitionerINS_13TileGemmShapeINS_8sequenceIJLi256ELi256ELi64EEEENS4_IJLi2ELi2ELi1EEEENS4_IJLi32ELi32ELi16EEEELb0ELb0EEELi8ELi4EEENS_24GemmPipelineAgBgCrCompV3INS_28UniversalGemmPipelineProblemIDF16bDF16bfS8_NS_23TileGemmUniversalTraitsILb0ELb0ELb0ELb0ENS_13tensor_layout4gemm8RowMajorENSE_11ColumnMajorESF_Lb0ELb0ELb1ELi1ELb0ELi16EEELNS_21GemmPipelineSchedulerE1ENS_12element_wise11PassThroughESK_DF16bLb0ELi1ELi1EEENS_33UniversalGemmPipelineAgBgCrPolicyEEENS_16CShuffleEpilogueINS_23CShuffleEpilogueProblemIDF16bDF16bNS_5tupleIJEEEfDF16bSR_SF_SK_Li256ELi256ELi2ELi2ELi32ELi32ELi16ELb0ELNS_21memory_operation_enumE0ELi1ELb0ELi1ELb0ELi1ELb0EEEvEEEEJPU3AS4viEEEvDpT1_",102,2647349160077544,2647349160913230,65536,48,256,0,112,256,1,1,65536,1,1
"KERNEL_DISPATCH","Agent 2",1,0,20678,103,195,"void primus_turbo::compute_group_offs_device<long>(long const*, long*, int)",103,2647349161213832,2647349161218152,0,0,4,0,16,256,1,1,256,1,1
"KERNEL_DISPATCH","Agent 2",1,0,20678,104,210,"_ZN12primus_turbo25compute_grouped_gemm_argsIDF16bDF16bDF16bEEvPN7ck_tile18GemmTransKernelArgILi0EEEPKT_PKT0_PT1_PKlSE_iiiiiii",104,2647349161519395,2647349161521635,0,0,12,0,32,32,1,1,32,1,1
"KERNEL_DISPATCH","Agent 2",1,0,20678,105,231,"_ZN7ck_tile6kentryILi1ENS_17GroupedGemmKernelINS_33GemmSpatiallyLocalTilePartitionerINS_13TileGemmShapeINS_8sequenceIJLi256ELi256ELi64EEEENS4_IJLi2ELi2ELi1EEEENS4_IJLi32ELi32ELi16EEEELb0ELb0EEELi8ELi4EEENS_24GemmPipelineAgBgCrCompV3INS_28UniversalGemmPipelineProblemIDF16bDF16bfS8_NS_23TileGemmUniversalTraitsILb0ELb0ELb0ELb0ENS_13tensor_layout4gemm8RowMajorENSE_11ColumnMajorESF_Lb0ELb0ELb1ELi1ELb0ELi16EEELNS_21GemmPipelineSchedulerE1ENS_12element_wise11PassThroughESK_DF16bLb0ELi1ELi1EEENS_33UniversalGemmPipelineAgBgCrPolicyEEENS_16CShuffleEpilogueINS_23CShuffleEpilogueProblemIDF16bDF16bNS_5tupleIJEEEfDF16bSR_SF_SK_Li256ELi256ELi2ELi2ELi32ELi32ELi16ELb0ELNS_21memory_operation_enumE0ELi1ELb0ELi1ELb0ELi1ELb0EEEvEEEEJPU3AS4viEEEvDpT1_",105,2647349161824077,2647349162651643,65536,48,256,0,112,256,1,1,65536,1,1
"KERNEL_DISPATCH","Agent 2",1,0,20678,106,195,"void primus_turbo::compute_group_offs_device<long>(long const*, long*, int)",106,2647349162950165,2647349162954285,0,0,4,0,16,256,1,1,256,1,1
"KERNEL_DISPATCH","Agent 2",1,0,20678,107,210,"_ZN12primus_turbo25compute_grouped_gemm_argsIDF16bDF16bDF16bEEvPN7ck_tile18GemmTransKernelArgILi0EEEPKT_PKT0_PT1_PKlSE_iiiiiii",107,2647349163260287,2647349163262567,0,0,12,0,32,32,1,1,32,1,1
"KERNEL_DISPATCH","Agent 2",1,0,20678,108,231,"_ZN7ck_tile6kentryILi1ENS_17GroupedGemmKernelINS_33GemmSpatiallyLocalTilePartitionerINS_13TileGemmShapeINS_8sequenceIJLi256ELi256ELi64EEEENS4_IJLi2ELi2ELi1EEEENS4_IJLi32ELi32ELi16EEEELb0ELb0EEELi8ELi4EEENS_24GemmPipelineAgBgCrCompV3INS_28UniversalGemmPipelineProblemIDF16bDF16bfS8_NS_23TileGemmUniversalTraitsILb0ELb0ELb0ELb0ENS_13tensor_layout4gemm8RowMajorENSE_11ColumnMajorESF_Lb0ELb0ELb1ELi1ELb0ELi16EEELNS_21GemmPipelineSchedulerE1ENS_12element_wise11PassThroughESK_DF16bLb0ELi1ELi1EEENS_33UniversalGemmPipelineAgBgCrPolicyEEENS_16CShuffleEpilogueINS_23CShuffleEpilogueProblemIDF16bDF16bNS_5tupleIJEEEfDF16bSR_SF_SK_Li256ELi256ELi2ELi2ELi32ELi32ELi16ELb0ELNS_21memory_operation_enumE0ELi1ELb0ELi1ELb0ELi1ELb0EEEvEEEEJPU3AS4viEEEvDpT1_",108,2647349163562609,2647349164395015,65536,48,256,0,112,256,1,1,65536,1,1
"KERNEL_DISPATCH","Agent 2",1,0,20678,109,195,"void primus_turbo::compute_group_offs_device<long>(long const*, long*, int)",109,2647349164698938,2647349164703418,0,0,4,0,16,256,1,1,256,1,1
"KERNEL_DISPATCH","Agent 2",1,0,20678,110,210,"_ZN12primus_turbo25compute_grouped_gemm_argsIDF16bDF16bDF16bEEvPN7ck_tile18GemmTransKernelArgILi0EEEPKT_PKT0_PT1_PKlSE_iiiiiii",110,2647349165004220,2647349165006860,0,0,12,0,32,32,1,1,32,1,1
"KERNEL_DISPATCH","Agent 2",1,0,20678,111,231,"_ZN7ck_tile6kentryILi1ENS_17GroupedGemmKernelINS_33GemmSpatiallyLocalTilePartitionerINS_13TileGemmShapeINS_8sequenceIJLi256ELi256ELi64EEEENS4_IJLi2ELi2ELi1EEEENS4_IJLi32ELi32ELi16EEEELb0ELb0EEELi8ELi4EEENS_24GemmPipelineAgBgCrCompV3INS_28UniversalGemmPipelineProblemIDF16bDF16bfS8_NS_23TileGemmUniversalTraitsILb0ELb0ELb0ELb0ENS_13tensor_layout4gemm8RowMajorENSE_11ColumnMajorESF_Lb0ELb0ELb1ELi1ELb0ELi16EEELNS_21GemmPipelineSchedulerE1ENS_12element_wise11PassThroughESK_DF16bLb0ELi1ELi1EEENS_33UniversalGemmPipelineAgBgCrPolicyEEENS_16CShuffleEpilogueINS_23CShuffleEpilogueProblemIDF16bDF16bNS_5tupleIJEEEfDF16bSR_SF_SK_Li256ELi256ELi2ELi2ELi32ELi32ELi16ELb0ELNS_21memory_operation_enumE0ELi1ELb0ELi1ELb0ELi1ELb0EEEvEEEEJPU3AS4viEEEvDpT1_",111,2647349165285862,2647349166139388,65536,48,256,0,112,256,1,1,65536,1,1
"KERNEL_DISPATCH","Agent 2",1,0,20678,112,195,"void primus_turbo::compute_group_offs_device<long>(long const*, long*, int)",112,2647349166434110,2647349166438630,0,0,4,0,16,256,1,1,256,1,1
"KERNEL_DISPATCH","Agent 2",1,0,20678,113,210,"_ZN12primus_turbo25compute_grouped_gemm_argsIDF16bDF16bDF16bEEvPN7ck_tile18GemmTransKernelArgILi0EEEPKT_PKT0_PT1_PKlSE_iiiiiii",113,2647349166748832,2647349166751472,0,0,12,0,32,32,1,1,32,1,1
"KERNEL_DISPATCH","Agent 2",1,0,20678,114,231,"_ZN7ck_tile6kentryILi1ENS_17GroupedGemmKernelINS_33GemmSpatiallyLocalTilePartitionerINS_13TileGemmShapeINS_8sequenceIJLi256ELi256ELi64EEEENS4_IJLi2ELi2ELi1EEEENS4_IJLi32ELi32ELi16EEEELb0ELb0EEELi8ELi4EEENS_24GemmPipelineAgBgCrCompV3INS_28UniversalGemmPipelineProblemIDF16bDF16bfS8_NS_23TileGemmUniversalTraitsILb0ELb0ELb0ELb0ENS_13tensor_layout4gemm8RowMajorENSE_11ColumnMajorESF_Lb0ELb0ELb1ELi1ELb0ELi16EEELNS_21GemmPipelineSchedulerE1ENS_12element_wise11PassThroughESK_DF16bLb0ELi1ELi1EEENS_33UniversalGemmPipelineAgBgCrPolicyEEENS_16CShuffleEpilogueINS_23CShuffleEpilogueProblemIDF16bDF16bNS_5tupleIJEEEfDF16bSR_SF_SK_Li256ELi256ELi2ELi2ELi32ELi32ELi16ELb0ELNS_21memory_operation_enumE0ELi1ELb0ELi1ELb0ELi1ELb0EEEvEEEEJPU3AS4viEEEvDpT1_",114,2647349167053355,2647349167884041,65536,48,256,0,112,256,1,1,65536,1,1
"KERNEL_DISPATCH","Agent 2",1,0,20678,115,195,"void primus_turbo::compute_group_offs_device<long>(long const*, long*, int)",115,2647349168181203,2647349168185563,0,0,4,0,16,256,1,1,256,1,1
"KERNEL_DISPATCH","Agent 2",1,0,20678,116,210,"_ZN12primus_turbo25compute_grouped_gemm_argsIDF16bDF16bDF16bEEvPN7ck_tile18GemmTransKernelArgILi0EEEPKT_PKT0_PT1_PKlSE_iiiiiii",116,2647349168488565,2647349168491085,0,0,12,0,32,32,1,1,32,1,1
"KERNEL_DISPATCH","Agent 2",1,0,20678,117,231,"_ZN7ck_tile6kentryILi1ENS_17GroupedGemmKernelINS_33GemmSpatiallyLocalTilePartitionerINS_13TileGemmShapeINS_8sequenceIJLi256ELi256ELi64EEEENS4_IJLi2ELi2ELi1EEEENS4_IJLi32ELi32ELi16EEEELb0ELb0EEELi8ELi4EEENS_24GemmPipelineAgBgCrCompV3INS_28UniversalGemmPipelineProblemIDF16bDF16bfS8_NS_23TileGemmUniversalTraitsILb0ELb0ELb0ELb0ENS_13tensor_layout4gemm8RowMajorENSE_11ColumnMajorESF_Lb0ELb0ELb1ELi1ELb0ELi16EEELNS_21GemmPipelineSchedulerE1ENS_12element_wise11PassThroughESK_DF16bLb0ELi1ELi1EEENS_33UniversalGemmPipelineAgBgCrPolicyEEENS_16CShuffleEpilogueINS_23CShuffleEpilogueProblemIDF16bDF16bNS_5tupleIJEEEfDF16bSR_SF_SK_Li256ELi256ELi2ELi2ELi32ELi32ELi16ELb0ELNS_21memory_operation_enumE0ELi1ELb0ELi1ELb0ELi1ELb0EEEvEEEEJPU3AS4viEEEvDpT1_",117,2647349168791727,2647349169621453,65536,48,256,0,112,256,1,1,65536,1,1
"KERNEL_DISPATCH","Agent 2",1,0,20678,118,195,"void primus_turbo::compute_group_offs_device<long>(long const*, long*, int)",118,2647349169924615,2647349169929375,0,0,4,0,16,256,1,1,256,1,1
"KERNEL_DISPATCH","Agent 2",1,0,20678,119,210,"_ZN12primus_turbo25compute_grouped_gemm_argsIDF16bDF16bDF16bEEvPN7ck_tile18GemmTransKernelArgILi0EEEPKT_PKT0_PT1_PKlSE_iiiiiii",119,2647349170209457,2647349170212017,0,0,12,0,32,32,1,1,32,1,1
"KERNEL_DISPATCH","Agent 2",1,0,20678,120,231,"_ZN7ck_tile6kentryILi1ENS_17GroupedGemmKernelINS_33GemmSpatiallyLocalTilePartitionerINS_13TileGemmShapeINS_8sequenceIJLi256ELi256ELi64EEEENS4_IJLi2ELi2ELi1EEEENS4_IJLi32ELi32ELi16EEEELb0ELb0EEELi8ELi4EEENS_24GemmPipelineAgBgCrCompV3INS_28UniversalGemmPipelineProblemIDF16bDF16bfS8_NS_23TileGemmUniversalTraitsILb0ELb0ELb0ELb0ENS_13tensor_layout4gemm8RowMajorENSE_11ColumnMajorESF_Lb0ELb0ELb1ELi1ELb0ELi16EEELNS_21GemmPipelineSchedulerE1ENS_12element_wise11PassThroughESK_DF16bLb0ELi1ELi1EEENS_33UniversalGemmPipelineAgBgCrPolicyEEENS_16CShuffleEpilogueINS_23CShuffleEpilogueProblemIDF16bDF16bNS_5tupleIJEEEfDF16bSR_SF_SK_Li256ELi256ELi2ELi2ELi32ELi32ELi16ELb0ELNS_21memory_operation_enumE0ELi1ELb0ELi1ELb0ELi1ELb0EEEvEEEEJPU3AS4viEEEvDpT1_",120,2647349170504300,2647349171334266,65536,48,256,0,112,256,1,1,65536,1,1
"KERNEL_DISPATCH","Agent 2",1,0,20678,121,195,"void primus_turbo::compute_group_offs_device<long>(long const*, long*, int)",121,2647349171632628,2647349171637108,0,0,4,0,16,256,1,1,256,1,1
"KERNEL_DISPATCH","Agent 2",1,0,20678,122,210,"_ZN12primus_turbo25compute_grouped_gemm_argsIDF16bDF16bDF16bEEvPN7ck_tile18GemmTransKernelArgILi0EEEPKT_PKT0_PT1_PKlSE_iiiiiii",122,2647349171944030,2647349171946670,0,0,12,0,32,32,1,1,32,1,1
"KERNEL_DISPATCH","Agent 2",1,0,20678,123,231,"_ZN7ck_tile6kentryILi1ENS_17GroupedGemmKernelINS_33GemmSpatiallyLocalTilePartitionerINS_13TileGemmShapeINS_8sequenceIJLi256ELi256ELi64EEEENS4_IJLi2ELi2ELi1EEEENS4_IJLi32ELi32ELi16EEEELb0ELb0EEELi8ELi4EEENS_24GemmPipelineAgBgCrCompV3INS_28UniversalGemmPipelineProblemIDF16bDF16bfS8_NS_23TileGemmUniversalTraitsILb0ELb0ELb0ELb0ENS_13tensor_layout4gemm8RowMajorENSE_11ColumnMajorESF_Lb0ELb0ELb1ELi1ELb0ELi16EEELNS_21GemmPipelineSchedulerE1ENS_12element_wise11PassThroughESK_DF16bLb0ELi1ELi1EEENS_33UniversalGemmPipelineAgBgCrPolicyEEENS_16CShuffleEpilogueINS_23CShuffleEpilogueProblemIDF16bDF16bNS_5tupleIJEEEfDF16bSR_SF_SK_Li256ELi256ELi2ELi2ELi32ELi32ELi16ELb0ELNS_21memory_operation_enumE0ELi1ELb0ELi1ELb0ELi1ELb0EEEvEEEEJPU3AS4viEEEvDpT1_",123,2647349172218312,2647349173070318,65536,48,256,0,112,256,1,1,65536,1,1
"KERNEL_DISPATCH","Agent 2",1,0,20678,124,195,"void primus_turbo::compute_group_offs_device<long>(long const*, long*, int)",124,2647349173380680,2647349173385160,0,0,4,0,16,256,1,1,256,1,1
"KERNEL_DISPATCH","Agent 2",1,0,20678,125,210,"_ZN12primus_turbo25compute_grouped_gemm_argsIDF16bDF16bDF16bEEvPN7ck_tile18GemmTransKernelArgILi0EEEPKT_PKT0_PT1_PKlSE_iiiiiii",125,2647349173687403,2647349173689963,0,0,12,0,32,32,1,1,32,1,1
"KERNEL_DISPATCH","Agent 2",1,0,20678,126,231,"_ZN7ck_tile6kentryILi1ENS_17GroupedGemmKernelINS_33GemmSpatiallyLocalTilePartitionerINS_13TileGemmShapeINS_8sequenceIJLi256ELi256ELi64EEEENS4_IJLi2ELi2ELi1EEEENS4_IJLi32ELi32ELi16EEEELb0ELb0EEELi8ELi4EEENS_24GemmPipelineAgBgCrCompV3INS_28UniversalGemmPipelineProblemIDF16bDF16bfS8_NS_23TileGemmUniversalTraitsILb0ELb0ELb0ELb0ENS_13tensor_layout4gemm8RowMajorENSE_11ColumnMajorESF_Lb0ELb0ELb1ELi1ELb0ELi16EEELNS_21GemmPipelineSchedulerE1ENS_12element_wise11PassThroughESK_DF16bLb0ELi1ELi1EEENS_33UniversalGemmPipelineAgBgCrPolicyEEENS_16CShuffleEpilogueINS_23CShuffleEpilogueProblemIDF16bDF16bNS_5tupleIJEEEfDF16bSR_SF_SK_Li256ELi256ELi2ELi2ELi32ELi32ELi16ELb0ELNS_21memory_operation_enumE0ELi1ELb0ELi1ELb0ELi1ELb0EEEvEEEEJPU3AS4viEEEvDpT1_",126,2647349173985125,2647349174815011,65536,48,256,0,112,256,1,1,65536,1,1
"KERNEL_DISPATCH","Agent 2",1,0,20678,127,195,"void primus_turbo::compute_group_offs_device<long>(long const*, long*, int)",127,2647349175118973,2647349175123333,0,0,4,0,16,256,1,1,256,1,1
"KERNEL_DISPATCH","Agent 2",1,0,20678,128,210,"_ZN12primus_turbo25compute_grouped_gemm_argsIDF16bDF16bDF16bEEvPN7ck_tile18GemmTransKernelArgILi0EEEPKT_PKT0_PT1_PKlSE_iiiiiii",128,2647349175417095,2647349175419575,0,0,12,0,32,32,1,1,32,1,1
"KERNEL_DISPATCH","Agent 2",1,0,20678,129,231,"_ZN7ck_tile6kentryILi1ENS_17GroupedGemmKernelINS_33GemmSpatiallyLocalTilePartitionerINS_13TileGemmShapeINS_8sequenceIJLi256ELi256ELi64EEEENS4_IJLi2ELi2ELi1EEEENS4_IJLi32ELi32ELi16EEEELb0ELb0EEELi8ELi4EEENS_24GemmPipelineAgBgCrCompV3INS_28UniversalGemmPipelineProblemIDF16bDF16bfS8_NS_23TileGemmUniversalTraitsILb0ELb0ELb0ELb0ENS_13tensor_layout4gemm8RowMajorENSE_11ColumnMajorESF_Lb0ELb0ELb1ELi1ELb0ELi16EEELNS_21GemmPipelineSchedulerE1ENS_12element_wise11PassThroughESK_DF16bLb0ELi1ELi1EEENS_33UniversalGemmPipelineAgBgCrPolicyEEENS_16CShuffleEpilogueINS_23CShuffleEpilogueProblemIDF16bDF16bNS_5tupleIJEEEfDF16bSR_SF_SK_Li256ELi256ELi2ELi2ELi32ELi32ELi16ELb0ELNS_21memory_operation_enumE0ELi1ELb0ELi1ELb0ELi1ELb0EEEvEEEEJPU3AS4viEEEvDpT1_",129,2647349175720817,2647349176549543,65536,48,256,0,112,256,1,1,65536,1,1
"KERNEL_DISPATCH","Agent 2",1,0,20678,130,195,"void primus_turbo::compute_group_offs_device<long>(long const*, long*, int)",130,2647349176842785,2647349176847385,0,0,4,0,16,256,1,1,256,1,1
"KERNEL_DISPATCH","Agent 2",1,0,20678,131,210,"_ZN12primus_turbo25compute_grouped_gemm_argsIDF16bDF16bDF16bEEvPN7ck_tile18GemmTransKernelArgILi0EEEPKT_PKT0_PT1_PKlSE_iiiiiii",131,2647349177130148,2647349177132628,0,0,12,0,32,32,1,1,32,1,1
"KERNEL_DISPATCH","Agent 2",1,0,20678,132,231,"_ZN7ck_tile6kentryILi1ENS_17GroupedGemmKernelINS_33GemmSpatiallyLocalTilePartitionerINS_13TileGemmShapeINS_8sequenceIJLi256ELi256ELi64EEEENS4_IJLi2ELi2ELi1EEEENS4_IJLi32ELi32ELi16EEEELb0ELb0EEELi8ELi4EEENS_24GemmPipelineAgBgCrCompV3INS_28UniversalGemmPipelineProblemIDF16bDF16bfS8_NS_23TileGemmUniversalTraitsILb0ELb0ELb0ELb0ENS_13tensor_layout4gemm8RowMajorENSE_11ColumnMajorESF_Lb0ELb0ELb1ELi1ELb0ELi16EEELNS_21GemmPipelineSchedulerE1ENS_12element_wise11PassThroughESK_DF16bLb0ELi1ELi1EEENS_33UniversalGemmPipelineAgBgCrPolicyEEENS_16CShuffleEpilogueINS_23CShuffleEpilogueProblemIDF16bDF16bNS_5tupleIJEEEfDF16bSR_SF_SK_Li256ELi256ELi2ELi2ELi32ELi32ELi16ELb0ELNS_21memory_operation_enumE0ELi1ELb0ELi1ELb0ELi1ELb0EEEvEEEEJPU3AS4viEEEvDpT1_",132,2647349177417830,2647349178251836,65536,48,256,0,112,256,1,1,65536,1,1
"KERNEL_DISPATCH","Agent 2",1,0,20678,133,195,"void primus_turbo::compute_group_offs_device<long>(long const*, long*, int)",133,2647349178545438,2647349178549798,0,0,4,0,16,256,1,1,256,1,1
"KERNEL_DISPATCH","Agent 2",1,0,20678,134,210,"_ZN12primus_turbo25compute_grouped_gemm_argsIDF16bDF16bDF16bEEvPN7ck_tile18GemmTransKernelArgILi0EEEPKT_PKT0_PT1_PKlSE_iiiiiii",134,2647349178854720,2647349178856920,0,0,12,0,32,32,1,1,32,1,1
"KERNEL_DISPATCH","Agent 2",1,0,20678,135,231,"_ZN7ck_tile6kentryILi1ENS_17GroupedGemmKernelINS_33GemmSpatiallyLocalTilePartitionerINS_13TileGemmShapeINS_8sequenceIJLi256ELi256ELi64EEEENS4_IJLi2ELi2ELi1EEEENS4_IJLi32ELi32ELi16EEEELb0ELb0EEELi8ELi4EEENS_24GemmPipelineAgBgCrCompV3INS_28UniversalGemmPipelineProblemIDF16bDF16bfS8_NS_23TileGemmUniversalTraitsILb0ELb0ELb0ELb0ENS_13tensor_layout4gemm8RowMajorENSE_11ColumnMajorESF_Lb0ELb0ELb1ELi1ELb0ELi16EEELNS_21GemmPipelineSchedulerE1ENS_12element_wise11PassThroughESK_DF16bLb0ELi1ELi1EEENS_33UniversalGemmPipelineAgBgCrPolicyEEENS_16CShuffleEpilogueINS_23CShuffleEpilogueProblemIDF16bDF16bNS_5tupleIJEEEfDF16bSR_SF_SK_Li256ELi256ELi2ELi2ELi32ELi32ELi16ELb0ELNS_21memory_operation_enumE0ELi1ELb0ELi1ELb0ELi1ELb0EEEvEEEEJPU3AS4viEEEvDpT1_",135,2647349179142202,2647349179980488,65536,48,256,0,112,256,1,1,65536,1,1
"KERNEL_DISPATCH","Agent 2",1,0,20678,136,195,"void primus_turbo::compute_group_offs_device<long>(long const*, long*, int)",136,2647349180277010,2647349180281210,0,0,4,0,16,256,1,1,256,1,1
"KERNEL_DISPATCH","Agent 2",1,0,20678,137,210,"_ZN12primus_turbo25compute_grouped_gemm_argsIDF16bDF16bDF16bEEvPN7ck_tile18GemmTransKernelArgILi0EEEPKT_PKT0_PT1_PKlSE_iiiiiii",137,2647349180573052,2647349180575292,0,0,12,0,32,32,1,1,32,1,1
"KERNEL_DISPATCH","Agent 2",1,0,20678,138,231,"_ZN7ck_tile6kentryILi1ENS_17GroupedGemmKernelINS_33GemmSpatiallyLocalTilePartitionerINS_13TileGemmShapeINS_8sequenceIJLi256ELi256ELi64EEEENS4_IJLi2ELi2ELi1EEEENS4_IJLi32ELi32ELi16EEEELb0ELb0EEELi8ELi4EEENS_24GemmPipelineAgBgCrCompV3INS_28UniversalGemmPipelineProblemIDF16bDF16bfS8_NS_23TileGemmUniversalTraitsILb0ELb0ELb0ELb0ENS_13tensor_layout4gemm8RowMajorENSE_11ColumnMajorESF_Lb0ELb0ELb1ELi1ELb0ELi16EEELNS_21GemmPipelineSchedulerE1ENS_12element_wise11PassThroughESK_DF16bLb0ELi1ELi1EEENS_33UniversalGemmPipelineAgBgCrPolicyEEENS_16CShuffleEpilogueINS_23CShuffleEpilogueProblemIDF16bDF16bNS_5tupleIJEEEfDF16bSR_SF_SK_Li256ELi256ELi2ELi2ELi32ELi32ELi16ELb0ELNS_21memory_operation_enumE0ELi1ELb0ELi1ELb0ELi1ELb0EEEvEEEEJPU3AS4viEEEvDpT1_",138,2647349180883615,2647349181710261,65536,48,256,0,112,256,1,1,65536,1,1
"KERNEL_DISPATCH","Agent 2",1,0,20678,139,195,"void primus_turbo::compute_group_offs_device<long>(long const*, long*, int)",139,2647349182004223,2647349182008623,0,0,4,0,16,256,1,1,256,1,1
"KERNEL_DISPATCH","Agent 2",1,0,20678,140,210,"_ZN12primus_turbo25compute_grouped_gemm_argsIDF16bDF16bDF16bEEvPN7ck_tile18GemmTransKernelArgILi0EEEPKT_PKT0_PT1_PKlSE_iiiiiii",140,2647349182307905,2647349182310305,0,0,12,0,32,32,1,1,32,1,1
"KERNEL_DISPATCH","Agent 2",1,0,20678,141,231,"_ZN7ck_tile6kentryILi1ENS_17GroupedGemmKernelINS_33GemmSpatiallyLocalTilePartitionerINS_13TileGemmShapeINS_8sequenceIJLi256ELi256ELi64EEEENS4_IJLi2ELi2ELi1EEEENS4_IJLi32ELi32ELi16EEEELb0ELb0EEELi8ELi4EEENS_24GemmPipelineAgBgCrCompV3INS_28UniversalGemmPipelineProblemIDF16bDF16bfS8_NS_23TileGemmUniversalTraitsILb0ELb0ELb0ELb0ENS_13tensor_layout4gemm8RowMajorENSE_11ColumnMajorESF_Lb0ELb0ELb1ELi1ELb0ELi16EEELNS_21GemmPipelineSchedulerE1ENS_12element_wise11PassThroughESK_DF16bLb0ELi1ELi1EEENS_33UniversalGemmPipelineAgBgCrPolicyEEENS_16CShuffleEpilogueINS_23CShuffleEpilogueProblemIDF16bDF16bNS_5tupleIJEEEfDF16bSR_SF_SK_Li256ELi256ELi2ELi2ELi32ELi32ELi16ELb0ELNS_21memory_operation_enumE0ELi1ELb0ELi1ELb0ELi1ELb0EEEvEEEEJPU3AS4viEEEvDpT1_",141,2647349182601867,2647349183430873,65536,48,256,0,112,256,1,1,65536,1,1
"KERNEL_DISPATCH","Agent 2",1,0,20678,142,195,"void primus_turbo::compute_group_offs_device<long>(long const*, long*, int)",142,2647349183729955,2647349183734275,0,0,4,0,16,256,1,1,256,1,1
"KERNEL_DISPATCH","Agent 2",1,0,20678,143,210,"_ZN12primus_turbo25compute_grouped_gemm_argsIDF16bDF16bDF16bEEvPN7ck_tile18GemmTransKernelArgILi0EEEPKT_PKT0_PT1_PKlSE_iiiiiii",143,2647349184027397,2647349184029797,0,0,12,0,32,32,1,1,32,1,1
"KERNEL_DISPATCH","Agent 2",1,0,20678,144,231,"_ZN7ck_tile6kentryILi1ENS_17GroupedGemmKernelINS_33GemmSpatiallyLocalTilePartitionerINS_13TileGemmShapeINS_8sequenceIJLi256ELi256ELi64EEEENS4_IJLi2ELi2ELi1EEEENS4_IJLi32ELi32ELi16EEEELb0ELb0EEELi8ELi4EEENS_24GemmPipelineAgBgCrCompV3INS_28UniversalGemmPipelineProblemIDF16bDF16bfS8_NS_23TileGemmUniversalTraitsILb0ELb0ELb0ELb0ENS_13tensor_layout4gemm8RowMajorENSE_11ColumnMajorESF_Lb0ELb0ELb1ELi1ELb0ELi16EEELNS_21GemmPipelineSchedulerE1ENS_12element_wise11PassThroughESK_DF16bLb0ELi1ELi1EEENS_33UniversalGemmPipelineAgBgCrPolicyEEENS_16CShuffleEpilogueINS_23CShuffleEpilogueProblemIDF16bDF16bNS_5tupleIJEEEfDF16bSR_SF_SK_Li256ELi256ELi2ELi2ELi32ELi32ELi16ELb0ELNS_21memory_operation_enumE0ELi1ELb0ELi1ELb0ELi1ELb0EEEvEEEEJPU3AS4viEEEvDpT1_",144,2647349184312760,2647349185150766,65536,48,256,0,112,256,1,1,65536,1,1
"KERNEL_DISPATCH","Agent 2",1,0,20678,145,195,"void primus_turbo::compute_group_offs_device<long>(long const*, long*, int)",145,2647349185444848,2647349185449208,0,0,4,0,16,256,1,1,256,1,1
"KERNEL_DISPATCH","Agent 2",1,0,20678,146,210,"_ZN12primus_turbo25compute_grouped_gemm_argsIDF16bDF16bDF16bEEvPN7ck_tile18GemmTransKernelArgILi0EEEPKT_PKT0_PT1_PKlSE_iiiiiii",146,2647349185747410,2647349185749850,0,0,12,0,32,32,1,1,32,1,1
"KERNEL_DISPATCH","Agent 2",1,0,20678,147,231,"_ZN7ck_tile6kentryILi1ENS_17GroupedGemmKernelINS_33GemmSpatiallyLocalTilePartitionerINS_13TileGemmShapeINS_8sequenceIJLi256ELi256ELi64EEEENS4_IJLi2ELi2ELi1EEEENS4_IJLi32ELi32ELi16EEEELb0ELb0EEELi8ELi4EEENS_24GemmPipelineAgBgCrCompV3INS_28UniversalGemmPipelineProblemIDF16bDF16bfS8_NS_23TileGemmUniversalTraitsILb0ELb0ELb0ELb0ENS_13tensor_layout4gemm8RowMajorENSE_11ColumnMajorESF_Lb0ELb0ELb1ELi1ELb0ELi16EEELNS_21GemmPipelineSchedulerE1ENS_12element_wise11PassThroughESK_DF16bLb0ELi1ELi1EEENS_33UniversalGemmPipelineAgBgCrPolicyEEENS_16CShuffleEpilogueINS_23CShuffleEpilogueProblemIDF16bDF16bNS_5tupleIJEEEfDF16bSR_SF_SK_Li256ELi256ELi2ELi2ELi32ELi32ELi16ELb0ELNS_21memory_operation_enumE0ELi1ELb0ELi1ELb0ELi1ELb0EEEvEEEEJPU3AS4viEEEvDpT1_",147,2647349186047612,2647349186855578,65536,48,256,0,112,256,1,1,65536,1,1
"KERNEL_DISPATCH","Agent 2",1,0,20678,148,195,"void primus_turbo::compute_group_offs_device<long>(long const*, long*, int)",148,2647349187137380,2647349187141820,0,0,4,0,16,256,1,1,256,1,1
"KERNEL_DISPATCH","Agent 2",1,0,20678,149,210,"_ZN12primus_turbo25compute_grouped_gemm_argsIDF16bDF16bDF16bEEvPN7ck_tile18GemmTransKernelArgILi0EEEPKT_PKT0_PT1_PKlSE_iiiiiii",149,2647349187447142,2647349187449302,0,0,12,0,32,32,1,1,32,1,1
"KERNEL_DISPATCH","Agent 2",1,0,20678,150,231,"_ZN7ck_tile6kentryILi1ENS_17GroupedGemmKernelINS_33GemmSpatiallyLocalTilePartitionerINS_13TileGemmShapeINS_8sequenceIJLi256ELi256ELi64EEEENS4_IJLi2ELi2ELi1EEEENS4_IJLi32ELi32ELi16EEEELb0ELb0EEELi8ELi4EEENS_24GemmPipelineAgBgCrCompV3INS_28UniversalGemmPipelineProblemIDF16bDF16bfS8_NS_23TileGemmUniversalTraitsILb0ELb0ELb0ELb0ENS_13tensor_layout4gemm8RowMajorENSE_11ColumnMajorESF_Lb0ELb0ELb1ELi1ELb0ELi16EEELNS_21GemmPipelineSchedulerE1ENS_12element_wise11PassThroughESK_DF16bLb0ELi1ELi1EEENS_33UniversalGemmPipelineAgBgCrPolicyEEENS_16CShuffleEpilogueINS_23CShuffleEpilogueProblemIDF16bDF16bNS_5tupleIJEEEfDF16bSR_SF_SK_Li256ELi256ELi2ELi2ELi32ELi32ELi16ELb0ELNS_21memory_operation_enumE0ELi1ELb0ELi1ELb0ELi1ELb0EEEvEEEEJPU3AS4viEEEvDpT1_",150,2647349187752824,2647349188588150,65536,48,256,0,112,256,1,1,65536,1,1
"KERNEL_DISPATCH","Agent 2",1,0,20678,151,195,"void primus_turbo::compute_group_offs_device<long>(long const*, long*, int)",151,2647349188881353,2647349188886233,0,0,4,0,16,256,1,1,256,1,1
"KERNEL_DISPATCH","Agent 2",1,0,20678,152,210,"_ZN12primus_turbo25compute_grouped_gemm_argsIDF16bDF16bDF16bEEvPN7ck_tile18GemmTransKernelArgILi0EEEPKT_PKT0_PT1_PKlSE_iiiiiii",152,2647349189185515,2647349189188195,0,0,12,0,32,32,1,1,32,1,1
"KERNEL_DISPATCH","Agent 2",1,0,20678,153,231,"_ZN7ck_tile6kentryILi1ENS_17GroupedGemmKernelINS_33GemmSpatiallyLocalTilePartitionerINS_13TileGemmShapeINS_8sequenceIJLi256ELi256ELi64EEEENS4_IJLi2ELi2ELi1EEEENS4_IJLi32ELi32ELi16EEEELb0ELb0EEELi8ELi4EEENS_24GemmPipelineAgBgCrCompV3INS_28UniversalGemmPipelineProblemIDF16bDF16bfS8_NS_23TileGemmUniversalTraitsILb0ELb0ELb0ELb0ENS_13tensor_layout4gemm8RowMajorENSE_11ColumnMajorESF_Lb0ELb0ELb1ELi1ELb0ELi16EEELNS_21GemmPipelineSchedulerE1ENS_12element_wise11PassThroughESK_DF16bLb0ELi1ELi1EEENS_33UniversalGemmPipelineAgBgCrPolicyEEENS_16CShuffleEpilogueINS_23CShuffleEpilogueProblemIDF16bDF16bNS_5tupleIJEEEfDF16bSR_SF_SK_Li256ELi256ELi2ELi2ELi32ELi32ELi16ELb0ELNS_21memory_operation_enumE0ELi1ELb0ELi1ELb0ELi1ELb0EEEvEEEEJPU3AS4viEEEvDpT1_",153,2647349189475877,2647349190310683,65536,48,256,0,112,256,1,1,65536,1,1
"KERNEL_DISPATCH","Agent 2",1,0,20678,154,195,"void primus_turbo::compute_group_offs_device<long>(long const*, long*, int)",154,2647349190600325,2647349190605085,0,0,4,0,16,256,1,1,256,1,1
"KERNEL_DISPATCH","Agent 2",1,0,20678,155,210,"_ZN12primus_turbo25compute_grouped_gemm_argsIDF16bDF16bDF16bEEvPN7ck_tile18GemmTransKernelArgILi0EEEPKT_PKT0_PT1_PKlSE_iiiiiii",155,2647349190906007,2647349190908527,0,0,12,0,32,32,1,1,32,1,1
"KERNEL_DISPATCH","Agent 2",1,0,20678,156,231,"_ZN7ck_tile6kentryILi1ENS_17GroupedGemmKernelINS_33GemmSpatiallyLocalTilePartitionerINS_13TileGemmShapeINS_8sequenceIJLi256ELi256ELi64EEEENS4_IJLi2ELi2ELi1EEEENS4_IJLi32ELi32ELi16EEEELb0ELb0EEELi8ELi4EEENS_24GemmPipelineAgBgCrCompV3INS_28UniversalGemmPipelineProblemIDF16bDF16bfS8_NS_23TileGemmUniversalTraitsILb0ELb0ELb0ELb0ENS_13tensor_layout4gemm8RowMajorENSE_11ColumnMajorESF_Lb0ELb0ELb1ELi1ELb0ELi16EEELNS_21GemmPipelineSchedulerE1ENS_12element_wise11PassThroughESK_DF16bLb0ELi1ELi1EEENS_33UniversalGemmPipelineAgBgCrPolicyEEENS_16CShuffleEpilogueINS_23CShuffleEpilogueProblemIDF16bDF16bNS_5tupleIJEEEfDF16bSR_SF_SK_Li256ELi256ELi2ELi2ELi32ELi32ELi16ELb0ELNS_21memory_operation_enumE0ELi1ELb0ELi1ELb0ELi1ELb0EEEvEEEEJPU3AS4viEEEvDpT1_",156,2647349191196049,2647349192033855,65536,48,256,0,112,256,1,1,65536,1,1
"KERNEL_DISPATCH","Agent 2",1,0,20678,157,195,"void primus_turbo::compute_group_offs_device<long>(long const*, long*, int)",157,2647349192326617,2647349192331098,0,0,4,0,16,256,1,1,256,1,1
"KERNEL_DISPATCH","Agent 2",1,0,20678,158,210,"_ZN12primus_turbo25compute_grouped_gemm_argsIDF16bDF16bDF16bEEvPN7ck_tile18GemmTransKernelArgILi0EEEPKT_PKT0_PT1_PKlSE_iiiiiii",158,2647349192621620,2647349192623940,0,0,12,0,32,32,1,1,32,1,1
"KERNEL_DISPATCH","Agent 2",1,0,20678,159,231,"_ZN7ck_tile6kentryILi1ENS_17GroupedGemmKernelINS_33GemmSpatiallyLocalTilePartitionerINS_13TileGemmShapeINS_8sequenceIJLi256ELi256ELi64EEEENS4_IJLi2ELi2ELi1EEEENS4_IJLi32ELi32ELi16EEEELb0ELb0EEELi8ELi4EEENS_24GemmPipelineAgBgCrCompV3INS_28UniversalGemmPipelineProblemIDF16bDF16bfS8_NS_23TileGemmUniversalTraitsILb0ELb0ELb0ELb0ENS_13tensor_layout4gemm8RowMajorENSE_11ColumnMajorESF_Lb0ELb0ELb1ELi1ELb0ELi16EEELNS_21GemmPipelineSchedulerE1ENS_12element_wise11PassThroughESK_DF16bLb0ELi1ELi1EEENS_33UniversalGemmPipelineAgBgCrPolicyEEENS_16CShuffleEpilogueINS_23CShuffleEpilogueProblemIDF16bDF16bNS_5tupleIJEEEfDF16bSR_SF_SK_Li256ELi256ELi2ELi2ELi32ELi32ELi16ELb0ELNS_21memory_operation_enumE0ELi1ELb0ELi1ELb0ELi1ELb0EEEvEEEEJPU3AS4viEEEvDpT1_",159,2647349192920942,2647349193749668,65536,48,256,0,112,256,1,1,65536,1,1
"KERNEL_DISPATCH","Agent 2",1,0,20678,160,195,"void primus_turbo::compute_group_offs_device<long>(long const*, long*, int)",160,2647349194042150,2647349194046750,0,0,4,0,16,256,1,1,256,1,1
"KERNEL_DISPATCH","Agent 2",1,0,20678,161,210,"_ZN12primus_turbo25compute_grouped_gemm_argsIDF16bDF16bDF16bEEvPN7ck_tile18GemmTransKernelArgILi0EEEPKT_PKT0_PT1_PKlSE_iiiiiii",161,2647349194345712,2647349194348112,0,0,12,0,32,32,1,1,32,1,1
"KERNEL_DISPATCH","Agent 2",1,0,20678,162,231,"_ZN7ck_tile6kentryILi1ENS_17GroupedGemmKernelINS_33GemmSpatiallyLocalTilePartitionerINS_13TileGemmShapeINS_8sequenceIJLi256ELi256ELi64EEEENS4_IJLi2ELi2ELi1EEEENS4_IJLi32ELi32ELi16EEEELb0ELb0EEELi8ELi4EEENS_24GemmPipelineAgBgCrCompV3INS_28UniversalGemmPipelineProblemIDF16bDF16bfS8_NS_23TileGemmUniversalTraitsILb0ELb0ELb0ELb0ENS_13tensor_layout4gemm8RowMajorENSE_11ColumnMajorESF_Lb0ELb0ELb1ELi1ELb0ELi16EEELNS_21GemmPipelineSchedulerE1ENS_12element_wise11PassThroughESK_DF16bLb0ELi1ELi1EEENS_33UniversalGemmPipelineAgBgCrPolicyEEENS_16CShuffleEpilogueINS_23CShuffleEpilogueProblemIDF16bDF16bNS_5tupleIJEEEfDF16bSR_SF_SK_Li256ELi256ELi2ELi2ELi32ELi32ELi16ELb0ELNS_21memory_operation_enumE0ELi1ELb0ELi1ELb0ELi1ELb0EEEvEEEEJPU3AS4viEEEvDpT1_",162,2647349194645754,2647349195477920,65536,48,256,0,112,256,1,1,65536,1,1
"KERNEL_DISPATCH","Agent 2",1,0,20678,163,195,"void primus_turbo::compute_group_offs_device<long>(long const*, long*, int)",163,2647349195781482,2647349195786203,0,0,4,0,16,256,1,1,256,1,1
"KERNEL_DISPATCH","Agent 2",1,0,20678,164,210,"_ZN12primus_turbo25compute_grouped_gemm_argsIDF16bDF16bDF16bEEvPN7ck_tile18GemmTransKernelArgILi0EEEPKT_PKT0_PT1_PKlSE_iiiiiii",164,2647349196062165,2647349196064765,0,0,12,0,32,32,1,1,32,1,1
"KERNEL_DISPATCH","Agent 2",1,0,20678,165,231,"_ZN7ck_tile6kentryILi1ENS_17GroupedGemmKernelINS_33GemmSpatiallyLocalTilePartitionerINS_13TileGemmShapeINS_8sequenceIJLi256ELi256ELi64EEEENS4_IJLi2ELi2ELi1EEEENS4_IJLi32ELi32ELi16EEEELb0ELb0EEELi8ELi4EEENS_24GemmPipelineAgBgCrCompV3INS_28UniversalGemmPipelineProblemIDF16bDF16bfS8_NS_23TileGemmUniversalTraitsILb0ELb0ELb0ELb0ENS_13tensor_layout4gemm8RowMajorENSE_11ColumnMajorESF_Lb0ELb0ELb1ELi1ELb0ELi16EEELNS_21GemmPipelineSchedulerE1ENS_12element_wise11PassThroughESK_DF16bLb0ELi1ELi1EEENS_33UniversalGemmPipelineAgBgCrPolicyEEENS_16CShuffleEpilogueINS_23CShuffleEpilogueProblemIDF16bDF16bNS_5tupleIJEEEfDF16bSR_SF_SK_Li256ELi256ELi2ELi2ELi32ELi32ELi16ELb0ELNS_21memory_operation_enumE0ELi1ELb0ELi1ELb0ELi1ELb0EEEvEEEEJPU3AS4viEEEvDpT1_",165,2647349196336006,2647349197202453,65536,48,256,0,112,256,1,1,65536,1,1
"KERNEL_DISPATCH","Agent 2",1,0,20678,166,195,"void primus_turbo::compute_group_offs_device<long>(long const*, long*, int)",166,2647349197507295,2647349197511895,0,0,4,0,16,256,1,1,256,1,1
"KERNEL_DISPATCH","Agent 2",1,0,20678,167,210,"_ZN12primus_turbo25compute_grouped_gemm_argsIDF16bDF16bDF16bEEvPN7ck_tile18GemmTransKernelArgILi0EEEPKT_PKT0_PT1_PKlSE_iiiiiii",167,2647349197806817,2647349197809217,0,0,12,0,32,32,1,1,32,1,1
"KERNEL_DISPATCH","Agent 2",1,0,20678,168,231,"_ZN7ck_tile6kentryILi1ENS_17GroupedGemmKernelINS_33GemmSpatiallyLocalTilePartitionerINS_13TileGemmShapeINS_8sequenceIJLi256ELi256ELi64EEEENS4_IJLi2ELi2ELi1EEEENS4_IJLi32ELi32ELi16EEEELb0ELb0EEELi8ELi4EEENS_24GemmPipelineAgBgCrCompV3INS_28UniversalGemmPipelineProblemIDF16bDF16bfS8_NS_23TileGemmUniversalTraitsILb0ELb0ELb0ELb0ENS_13tensor_layout4gemm8RowMajorENSE_11ColumnMajorESF_Lb0ELb0ELb1ELi1ELb0ELi16EEELNS_21GemmPipelineSchedulerE1ENS_12element_wise11PassThroughESK_DF16bLb0ELi1ELi1EEENS_33UniversalGemmPipelineAgBgCrPolicyEEENS_16CShuffleEpilogueINS_23CShuffleEpilogueProblemIDF16bDF16bNS_5tupleIJEEEfDF16bSR_SF_SK_Li256ELi256ELi2ELi2ELi32ELi32ELi16ELb0ELNS_21memory_operation_enumE0ELi1ELb0ELi1ELb0ELi1ELb0EEEvEEEEJPU3AS4viEEEvDpT1_",168,2647349198113699,2647349198940785,65536,48,256,0,112,256,1,1,65536,1,1
"KERNEL_DISPATCH","Agent 2",1,0,20678,169,195,"void primus_turbo::compute_group_offs_device<long>(long const*, long*, int)",169,2647349199232907,2647349199237547,0,0,4,0,16,256,1,1,256,1,1
"KERNEL_DISPATCH","Agent 2",1,0,20678,170,210,"_ZN12primus_turbo25compute_grouped_gemm_argsIDF16bDF16bDF16bEEvPN7ck_tile18GemmTransKernelArgILi0EEEPKT_PKT0_PT1_PKlSE_iiiiiii",170,2647349199533030,2647349199535470,0,0,12,0,32,32,1,1,32,1,1
"KERNEL_DISPATCH","Agent 2",1,0,20678,171,231,"_ZN7ck_tile6kentryILi1ENS_17GroupedGemmKernelINS_33GemmSpatiallyLocalTilePartitionerINS_13TileGemmShapeINS_8sequenceIJLi256ELi256ELi64EEEENS4_IJLi2ELi2ELi1EEEENS4_IJLi32ELi32ELi16EEEELb0ELb0EEELi8ELi4EEENS_24GemmPipelineAgBgCrCompV3INS_28UniversalGemmPipelineProblemIDF16bDF16bfS8_NS_23TileGemmUniversalTraitsILb0ELb0ELb0ELb0ENS_13tensor_layout4gemm8RowMajorENSE_11ColumnMajorESF_Lb0ELb0ELb1ELi1ELb0ELi16EEELNS_21GemmPipelineSchedulerE1ENS_12element_wise11PassThroughESK_DF16bLb0ELi1ELi1EEENS_33UniversalGemmPipelineAgBgCrPolicyEEENS_16CShuffleEpilogueINS_23CShuffleEpilogueProblemIDF16bDF16bNS_5tupleIJEEEfDF16bSR_SF_SK_Li256ELi256ELi2ELi2ELi32ELi32ELi16ELb0ELNS_21memory_operation_enumE0ELi1ELb0ELi1ELb0ELi1ELb0EEEvEEEEJPU3AS4viEEEvDpT1_",171,2647349199825232,2647349200657958,65536,48,256,0,112,256,1,1,65536,1,1
"KERNEL_DISPATCH","Agent 2",1,0,20678,172,195,"void primus_turbo::compute_group_offs_device<long>(long const*, long*, int)",172,2647349200953360,2647349200957720,0,0,4,0,16,256,1,1,256,1,1
"KERNEL_DISPATCH","Agent 2",1,0,20678,173,210,"_ZN12primus_turbo25compute_grouped_gemm_argsIDF16bDF16bDF16bEEvPN7ck_tile18GemmTransKernelArgILi0EEEPKT_PKT0_PT1_PKlSE_iiiiiii",173,2647349201253282,2647349201255962,0,0,12,0,32,32,1,1,32,1,1
"KERNEL_DISPATCH","Agent 2",1,0,20678,174,231,"_ZN7ck_tile6kentryILi1ENS_17GroupedGemmKernelINS_33GemmSpatiallyLocalTilePartitionerINS_13TileGemmShapeINS_8sequenceIJLi256ELi256ELi64EEEENS4_IJLi2ELi2ELi1EEEENS4_IJLi32ELi32ELi16EEEELb0ELb0EEELi8ELi4EEENS_24GemmPipelineAgBgCrCompV3INS_28UniversalGemmPipelineProblemIDF16bDF16bfS8_NS_23TileGemmUniversalTraitsILb0ELb0ELb0ELb0ENS_13tensor_layout4gemm8RowMajorENSE_11ColumnMajorESF_Lb0ELb0ELb1ELi1ELb0ELi16EEELNS_21GemmPipelineSchedulerE1ENS_12element_wise11PassThroughESK_DF16bLb0ELi1ELi1EEENS_33UniversalGemmPipelineAgBgCrPolicyEEENS_16CShuffleEpilogueINS_23CShuffleEpilogueProblemIDF16bDF16bNS_5tupleIJEEEfDF16bSR_SF_SK_Li256ELi256ELi2ELi2ELi32ELi32ELi16ELb0ELNS_21memory_operation_enumE0ELi1ELb0ELi1ELb0ELi1ELb0EEEvEEEEJPU3AS4viEEEvDpT1_",174,2647349201551444,2647349202377250,65536,48,256,0,112,256,1,1,65536,1,1
"KERNEL_DISPATCH","Agent 2",1,0,20678,175,195,"void primus_turbo::compute_group_offs_device<long>(long const*, long*, int)",175,2647349202667372,2647349202671692,0,0,4,0,16,256,1,1,256,1,1
"KERNEL_DISPATCH","Agent 2",1,0,20678,176,210,"_ZN12primus_turbo25compute_grouped_gemm_argsIDF16bDF16bDF16bEEvPN7ck_tile18GemmTransKernelArgILi0EEEPKT_PKT0_PT1_PKlSE_iiiiiii",176,2647349202972495,2647349202975055,0,0,12,0,32,32,1,1,32,1,1
"KERNEL_DISPATCH","Agent 2",1,0,20678,177,231,"_ZN7ck_tile6kentryILi1ENS_17GroupedGemmKernelINS_33GemmSpatiallyLocalTilePartitionerINS_13TileGemmShapeINS_8sequenceIJLi256ELi256ELi64EEEENS4_IJLi2ELi2ELi1EEEENS4_IJLi32ELi32ELi16EEEELb0ELb0EEELi8ELi4EEENS_24GemmPipelineAgBgCrCompV3INS_28UniversalGemmPipelineProblemIDF16bDF16bfS8_NS_23TileGemmUniversalTraitsILb0ELb0ELb0ELb0ENS_13tensor_layout4gemm8RowMajorENSE_11ColumnMajorESF_Lb0ELb0ELb1ELi1ELb0ELi16EEELNS_21GemmPipelineSchedulerE1ENS_12element_wise11PassThroughESK_DF16bLb0ELi1ELi1EEENS_33UniversalGemmPipelineAgBgCrPolicyEEENS_16CShuffleEpilogueINS_23CShuffleEpilogueProblemIDF16bDF16bNS_5tupleIJEEEfDF16bSR_SF_SK_Li256ELi256ELi2ELi2ELi32ELi32ELi16ELb0ELNS_21memory_operation_enumE0ELi1ELb0ELi1ELb0ELi1ELb0EEEvEEEEJPU3AS4viEEEvDpT1_",177,2647349203243056,2647349204116343,65536,48,256,0,112,256,1,1,65536,1,1
"KERNEL_DISPATCH","Agent 2",1,0,20678,178,195,"void primus_turbo::compute_group_offs_device<long>(long const*, long*, int)",178,2647349204410745,2647349204415225,0,0,4,0,16,256,1,1,256,1,1
"KERNEL_DISPATCH","Agent 2",1,0,20678,179,210,"_ZN12primus_turbo25compute_grouped_gemm_argsIDF16bDF16bDF16bEEvPN7ck_tile18GemmTransKernelArgILi0EEEPKT_PKT0_PT1_PKlSE_iiiiiii",179,2647349204714227,2647349204716667,0,0,12,0,32,32,1,1,32,1,1
"KERNEL_DISPATCH","Agent 2",1,0,20678,180,231,"_ZN7ck_tile6kentryILi1ENS_17GroupedGemmKernelINS_33GemmSpatiallyLocalTilePartitionerINS_13TileGemmShapeINS_8sequenceIJLi256ELi256ELi64EEEENS4_IJLi2ELi2ELi1EEEENS4_IJLi32ELi32ELi16EEEELb0ELb0EEELi8ELi4EEENS_24GemmPipelineAgBgCrCompV3INS_28UniversalGemmPipelineProblemIDF16bDF16bfS8_NS_23TileGemmUniversalTraitsILb0ELb0ELb0ELb0ENS_13tensor_layout4gemm8RowMajorENSE_11ColumnMajorESF_Lb0ELb0ELb1ELi1ELb0ELi16EEELNS_21GemmPipelineSchedulerE1ENS_12element_wise11PassThroughESK_DF16bLb0ELi1ELi1EEENS_33UniversalGemmPipelineAgBgCrPolicyEEENS_16CShuffleEpilogueINS_23CShuffleEpilogueProblemIDF16bDF16bNS_5tupleIJEEEfDF16bSR_SF_SK_Li256ELi256ELi2ELi2ELi32ELi32ELi16ELb0ELNS_21memory_operation_enumE0ELi1ELb0ELi1ELb0ELi1ELb0EEEvEEEEJPU3AS4viEEEvDpT1_",180,2647349205015429,2647349205849515,65536,48,256,0,112,256,1,1,65536,1,1
"KERNEL_DISPATCH","Agent 2",1,0,20678,181,195,"void primus_turbo::compute_group_offs_device<long>(long const*, long*, int)",181,2647349206153758,2647349206158198,0,0,4,0,16,256,1,1,256,1,1
"KERNEL_DISPATCH","Agent 2",1,0,20678,182,210,"_ZN12primus_turbo25compute_grouped_gemm_argsIDF16bDF16bDF16bEEvPN7ck_tile18GemmTransKernelArgILi0EEEPKT_PKT0_PT1_PKlSE_iiiiiii",182,2647349206459280,2647349206461440,0,0,12,0,32,32,1,1,32,1,1
"KERNEL_DISPATCH","Agent 2",1,0,20678,183,231,"_ZN7ck_tile6kentryILi1ENS_17GroupedGemmKernelINS_33GemmSpatiallyLocalTilePartitionerINS_13TileGemmShapeINS_8sequenceIJLi256ELi256ELi64EEEENS4_IJLi2ELi2ELi1EEEENS4_IJLi32ELi32ELi16EEEELb0ELb0EEELi8ELi4EEENS_24GemmPipelineAgBgCrCompV3INS_28UniversalGemmPipelineProblemIDF16bDF16bfS8_NS_23TileGemmUniversalTraitsILb0ELb0ELb0ELb0ENS_13tensor_layout4gemm8RowMajorENSE_11ColumnMajorESF_Lb0ELb0ELb1ELi1ELb0ELi16EEELNS_21GemmPipelineSchedulerE1ENS_12element_wise11PassThroughESK_DF16bLb0ELi1ELi1EEENS_33UniversalGemmPipelineAgBgCrPolicyEEENS_16CShuffleEpilogueINS_23CShuffleEpilogueProblemIDF16bDF16bNS_5tupleIJEEEfDF16bSR_SF_SK_Li256ELi256ELi2ELi2ELi32ELi32ELi16ELb0ELNS_21memory_operation_enumE0ELi1ELb0ELi1ELb0ELi1ELb0EEEvEEEEJPU3AS4viEEEvDpT1_",183,2647349206754202,2647349207580648,65536,48,256,0,112,256,1,1,65536,1,1
